nameWithOwner;url;stars;age;releases;pullRequests;primaryLanguage;cbo;dit;lcom
iluwatar/java-design-patterns;https://github.com/iluwatar/java-design-patterns;69844;7.1;0;1115;Java;3.2530562347188265;1.2096577017114913;209.57785005599982
MisterBooo/LeetCodeAnimation;https://github.com/MisterBooo/LeetCodeAnimation;66831;2.8;0;73;Java;1.2;0.8;0.2
spring-projects/spring-boot;https://github.com/spring-projects/spring-boot;57102;8.9;106;4896;Java;5.407980769230769;1.3247115384615384;1706.3558898290037
elastic/elasticsearch;https://github.com/elastic/elasticsearch;56418;11.6;56;49483;Java;9.75436276130644;2.4952422939858185;6593.58112020494
kdn251/interviews;https://github.com/kdn251/interviews;53843;4.6;0;144;Java;1.2751937984496124;1.003875968992248;5.46666669
macrozheng/mall;https://github.com/macrozheng/mall;52341;3.4;1;78;Java;3.852589641434263;1.247011952191235;276.70894352000045
ReactiveX/RxJava;https://github.com/ReactiveX/RxJava;45186;8.7;225;3633;Java;3.0912541114953194;1.36273931011217;841.3823172899986
spring-projects/spring-framework;https://github.com/spring-projects/spring-framework;44255;10.8;210;3472;Java;5.992137096774194;1.6400537634408603;2736.994973919006
google/guava;https://github.com/google/guava;42310;7.3;32;1097;Java;4.449919105750846;1.877187821738491;821.9686854199992
TheAlgorithms/Java;https://github.com/TheAlgorithms/Java;40556;5.2;0;1890;Java;1.6463022508038585;1.0289389067524115;38.243918706
square/retrofit;https://github.com/square/retrofit;38680;11.0;0;1068;Java;4.106813996316759;1.1740331491712708;85.26137243400001
apache/dubbo;https://github.com/apache/dubbo;36122;9.2;38;4064;Java;5.685493827160494;1.3175925925925926;760.6181582719983
PhilJay/MPAndroidChart;https://github.com/PhilJay/MPAndroidChart;33917;7.4;44;470;Java;8.814332247557003;1.9739413680781759;96.85474514999999
airbnb/lottie-android;https://github.com/airbnb/lottie-android;31752;4.9;36;546;Java;6.284745762711864;1.271186440677966;86.06052591999999
bumptech/glide;https://github.com/bumptech/glide;31689;8.2;36;591;Java;6.225462304409673;1.2574679943100995;313.03502731799995
Blankj/AndroidUtilCode;https://github.com/Blankj/AndroidUtilCode;29810;5.1;116;188;Java;4.143070044709389;1.3591654247391953;153.105393825
NationalSecurityAgency/ghidra;https://github.com/NationalSecurityAgency/ghidra;28716;2.5;15;652;Java;8.590470593996375;2.3254982615934576;6074.377519563965
geekxh/hello-algorithm;https://github.com/geekxh/hello-algorithm;28507;1.3;0;28;Java;1.25;0.75;0.0
zxing/zxing;https://github.com/zxing/zxing;28353;9.9;27;300;Java;5.024561403508772;1.7333333333333334;186.77576691999988
netty/netty;https://github.com/netty/netty;27544;10.8;0;6055;Java;5.329431960049938;1.7762172284644195;1178.7075005749987
eugenp/tutorials;https://github.com/eugenp/tutorials;27455;8.4;0;10686;Java;4.170074606244819;1.135258358662614;2655.312459542008
skylot/jadx;https://github.com/skylot/jadx;27098;8.5;14;321;Java;4.71557336004006;1.8322483725588383;414.2410663760002
alibaba/arthas;https://github.com/alibaba/arthas;27083;3.0;37;541;Java;4.758169934640523;1.3830065359477124;233.5812791199999
crossoverJie/JCSprout;https://github.com/crossoverJie/JCSprout;26388;3.7;0;107;Java;1.9567901234567902;1.0864197530864197;23.63064583
ityouknow/spring-boot-examples;https://github.com/ityouknow/spring-boot-examples;26211;4.8;0;42;Java;4.677130044843049;1.0269058295964126;24.763374560000006
JakeWharton/butterknife;https://github.com/JakeWharton/butterknife;25735;8.5;0;489;Java;3.9450549450549453;1.2307692307692308;41.229763930000004
apolloconfig/apollo;https://github.com/apolloconfig/apollo;25426;5.5;33;1289;Java;5.976513098464318;1.2872628726287263;290.10556397600016
proxyee-down-org/proxyee-down;https://github.com/proxyee-down-org/proxyee-down;25380;3.9;49;34;Java;5.426229508196721;1.4426229508196722;22.836403009999998
jeecgboot/jeecg-boot;https://github.com/jeecgboot/jeecg-boot;24907;2.8;16;126;Java;7.013559322033898;1.1745762711864407;144.13888059000004
alibaba/druid;https://github.com/alibaba/druid;24473;9.9;42;1106;Java;6.616573791119899;2.3886392234405895;763.2220138089996
alibaba/fastjson;https://github.com/alibaba/fastjson;23771;9.9;82;743;Java;2.243956391215042;1.5048190867435614;759.6669014199966
greenrobot/EventBus;https://github.com/greenrobot/EventBus;23594;9.2;5;118;Java;3.675392670157068;1.8534031413612566;32.54364841
xkcoding/spring-boot-demo;https://github.com/xkcoding/spring-boot-demo;23304;3.8;0;61;Java;5.0393374741200825;1.1283643892339545;42.12438474
scwang90/SmartRefreshLayout;https://github.com/scwang90/SmartRefreshLayout;22955;4.3;8;21;Java;5.51984126984127;1.5277777777777777;61.60415264
lenve/vhr;https://github.com/lenve/vhr;22270;3.7;0;52;Java;4.389473684210526;1.0105263157894737;28.455185720000006
CymChad/BaseRecyclerViewAdapterHelper;https://github.com/CymChad/BaseRecyclerViewAdapterHelper;22253;5.4;191;271;Java;4.405063291139241;1.5443037974683544;24.070165149999998
dbeaver/dbeaver;https://github.com/dbeaver/dbeaver;22081;5.9;135;2040;Java;8.899261447562777;1.8676514032496307;1939.5716061839994
Netflix/Hystrix;https://github.com/Netflix/Hystrix;21940;8.8;79;797;Java;3.3693918245264207;1.5692921236291126;221.9814435810001
SeleniumHQ/selenium;https://github.com/SeleniumHQ/selenium;21626;8.7;69;2199;Java;6.129695885509839;1.5961538461538463;409.45949693500074
wuyouzhuguli/SpringAll;https://github.com/wuyouzhuguli/SpringAll;21622;3.4;0;13;Java;5.144;1.1093333333333333;85.44106218999997
qiurunze123/miaosha;https://github.com/qiurunze123/miaosha;21473;3.0;0;48;Java;4.172413793103448;1.1206896551724137;69.60887010999998
signalapp/Signal-Android;https://github.com/signalapp/Signal-Android;21105;9.7;0;2461;Java;7.674117904887136;1.6272189349112427;1295.9893319279997
alibaba/easyexcel;https://github.com/alibaba/easyexcel;21077;3.6;1;201;Java;6.495169082125604;1.4516908212560387;113.89240481999995
seata/seata;https://github.com/seata/seata;20758;2.7;31;1747;Java;7.738031914893617;2.0939716312056738;568.4044075080006
alibaba/canal;https://github.com/alibaba/canal;20448;8.7;21;505;Java;5.669590643274854;1.4132553606237817;339.2733492410003
dromara/hutool;https://github.com/dromara/hutool;20371;7.4;100;412;Java;4.673179396092363;1.3084665482534044;555.066934086
alibaba/spring-cloud-alibaba;https://github.com/alibaba/spring-cloud-alibaba;20053;3.8;25;711;Java;6.134353741496598;1.1581632653061225;146.78364174000004
google/gson;https://github.com/google/gson;20020;6.5;1;520;Java;2.8199279711884753;1.3457382953181272;84.961176943
apache/kafka;https://github.com/apache/kafka;19838;10.1;0;11319;Java;7.693123697670013;1.513165372229589;1579.4041482050038
halo-dev/halo;https://github.com/halo-dev/halo;19689;3.5;72;494;Java;7.805792163543441;1.453151618398637;113.76917987499988
ReactiveX/RxAndroid;https://github.com/ReactiveX/RxAndroid;19495;7.1;18;231;Java;2.1636363636363636;1.1090909090909091;3.77489179
alibaba/nacos;https://github.com/alibaba/nacos;19452;3.2;41;2085;Java;5.665871121718377;1.3274463007159905;594.5353560560003
xuxueli/xxl-job;https://github.com/xuxueli/xxl-job;19379;5.8;30;314;Java;4.603658536585366;1.1402439024390243;47.64248153000001
libgdx/libgdx;https://github.com/libgdx/libgdx;18897;9.1;8;3238;Java;5.904786412763768;1.9006690684508492;952.1285016300012
google/ExoPlayer;https://github.com/google/ExoPlayer;18236;7.2;13;1032;Java;8.189944134078212;1.3747007182761373;759.1121015209989
square/picasso;https://github.com/square/picasso;18116;8.3;7;678;Java;7.618556701030927;1.4329896907216495;20.65907539
didi/DoraemonKit;https://github.com/didi/DoraemonKit;17912;3.1;5;338;Java;4.3648915187376724;1.3379355687047996;385.1477712910003
Baseflow/PhotoView;https://github.com/Baseflow/PhotoView;17911;9.1;5;151;Java;4.630434782608695;1.326086956521739;7.3451968800000005
DrKLO/Telegram;https://github.com/DrKLO/Telegram;17812;7.9;68;490;Java;7.355818328406342;1.6986025262026336;2056.9109842540097
jenkinsci/jenkins;https://github.com/jenkinsci/jenkins;17811;10.8;124;5684;Java;6.605311116896641;2.159333506899245;848.8591572929982
apache/skywalking;https://github.com/apache/skywalking;17701;5.8;46;3732;Java;6.307655729909653;1.44793152639087;472.1760886690013
redisson/redisson;https://github.com/redisson/redisson;17346;7.7;99;434;Java;6.360053144375554;1.3503100088573958;413.8654111560002
alibaba/Sentinel;https://github.com/alibaba/Sentinel;17287;3.4;18;714;Java;4.834403997144896;1.1748750892219844;312.74983395099997
apache/flink;https://github.com/apache/flink;17091;7.3;0;17231;Java;7.800754047460634;1.856420492348636;7349.879112654948
nostra13/Android-Universal-Image-Loader;https://github.com/nostra13/Android-Universal-Image-Loader;16844;9.8;0;151;Java;4.829787234042553;1.574468085106383;44.889887120000004
facebook/fresco;https://github.com/facebook/fresco;16656;6.5;44;402;Java;7.235475896168109;1.4011124845488256;431.01672065600076
CarGuo/GSYVideoPlayer;https://github.com/CarGuo/GSYVideoPlayer;16639;4.8;26;43;Java;5.5;1.5904255319148937;133.7951550199999
elunez/eladmin;https://github.com/elunez/eladmin;16317;2.7;6;127;Java;7.426056338028169;1.1690140845070423;58.75820067999999
linlinjava/litemall;https://github.com/linlinjava/litemall;16313;3.5;8;156;Java;4.59643435980551;1.1247974068071314;259.9435642260001
mybatis/mybatis-3;https://github.com/mybatis/mybatis-3;16184;8.6;34;1221;Java;4.143227478937136;1.2819183408943617;323.4497646950002
shuzheng/zheng;https://github.com/shuzheng/zheng;16082;4.9;0;117;Java;4.490196078431373;1.4058823529411764;169.70252125999997
Tencent/tinker;https://github.com/Tencent/tinker;16005;5.0;42;137;Java;4.698602794411178;1.594810379241517;151.05629327999995
forezp/SpringCloudLearning;https://github.com/forezp/SpringCloudLearning;15933;4.4;0;13;Java;4.548611111111111;1.0416666666666667;11.26666682
dianping/cat;https://github.com/dianping/cat;15884;8.8;0;1019;Java;5.779816513761468;1.4919724770642202;564.8443269600008
oracle/graal;https://github.com/oracle/graal;15876;5.7;32;1146;Java;7.009707865168539;2.575640449438202;5221.0259994280095
brettwooldridge/HikariCP;https://github.com/brettwooldridge/HikariCP;15716;7.9;0;352;Java;4.3229813664596275;1.2857142857142858;35.49301252
apache/rocketmq;https://github.com/apache/rocketmq;15305;4.8;3;1657;Java;6.289232934553132;1.258972554539057;419.49905052500037
EnterpriseQualityCoding/FizzBuzzEnterpriseEdition;https://github.com/EnterpriseQualityCoding/FizzBuzzEnterpriseEdition;15119;8.8;0;116;Java;2.869565217391304;0.9891304347826086;3.9116666999999996
winterbe/java8-tutorial;https://github.com/winterbe/java8-tutorial;15001;7.5;0;42;Java;1.0224719101123596;0.9887640449438202;7.427777880000001
android10/Android-CleanArchitecture;https://github.com/android10/Android-CleanArchitecture;14950;7.1;0;58;Java;5.09433962264151;1.4150943396226414;25.94766546
TeamNewPipe/NewPipe;https://github.com/TeamNewPipe/NewPipe;14909;6.0;107;1383;Java;8.34020618556701;1.6597938144329898;158.51423629
openzipkin/zipkin;https://github.com/openzipkin/zipkin;14694;9.3;62;2111;Java;6.629343629343629;1.6267696267696268;203.35628684299974
apache/shardingsphere;https://github.com/apache/shardingsphere;14515;5.6;44;7078;Java;6.672058497673388;1.4292045202747619;727.5003512839982
JeffLi1993/springboot-learning-example;https://github.com/JeffLi1993/springboot-learning-example;14495;4.6;0;56;Java;4.573913043478261;1.0347826086956522;18.98040082
lottie-react-native/lottie-react-native;https://github.com/lottie-react-native/lottie-react-native;14444;4.6;3;209;Java;3.2;1.1333333333333333;3.26458324
LMAX-Exchange/disruptor;https://github.com/LMAX-Exchange/disruptor;14070;9.0;12;136;Java;4.3164556962025316;1.2936708860759494;95.71199173
hdodenhof/CircleImageView;https://github.com/hdodenhof/CircleImageView;14008;7.6;0;56;Java;8.25;1.75;0.9247102
lgvalle/Material-Animations;https://github.com/lgvalle/Material-Animations;13583;6.5;0;24;Java;4.304347826086956;1.434782608695652;7.182936359999999
dyc87112/SpringBoot-Learning;https://github.com/dyc87112/SpringBoot-Learning;13534;5.1;0;21;Java;4.6162361623616235;1.018450184501845;22.13425953999999
alibaba/ARouter;https://github.com/alibaba/ARouter;13413;4.7;16;139;Java;3.6565656565656566;1.393939393939394;18.24929079
Tencent/QMUI_Android;https://github.com/Tencent/QMUI_Android;13155;4.4;35;37;Java;5.457597173144876;1.6139575971731448;239.41454183000008
orhanobut/logger;https://github.com/orhanobut/logger;12980;6.5;16;62;Java;5.526315789473684;1.105263157894737;5.62654934
Bigkoo/Android-PickerView;https://github.com/Bigkoo/Android-PickerView;12912;6.7;0;75;Java;3.6847826086956523;1.141304347826087;12.03330103
material-components/material-components-android;https://github.com/material-components/material-components-android;12796;4.8;41;364;Java;7.022222222222222;1.5575757575757576;319.28694442000017
justauth/JustAuth;https://github.com/justauth/JustAuth;12142;2.6;43;61;Java;5.341176470588235;1.311764705882353;14.859523909999998
daimajia/AndroidSwipeLayout;https://github.com/daimajia/AndroidSwipeLayout;12126;7.0;18;65;Java;3.6666666666666665;1.3066666666666666;8.88863488
zhihu/Matisse;https://github.com/zhihu/Matisse;12083;4.4;15;164;Java;6.571428571428571;1.3766233766233766;22.647147639999996
arduino/Arduino;https://github.com/arduino/Arduino;12040;11.0;34;1479;Java;3.8647450110864745;1.6407982261640799;106.83855283700001
daimajia/AndroidViewAnimations;https://github.com/daimajia/AndroidViewAnimations;11926;7.2;9;35;Java;3.3373493975903616;1.783132530120482;4.02189395
YunaiV/SpringBoot-Labs;https://github.com/YunaiV/SpringBoot-Labs;11835;3.0;0;15;Java;4.325309491059147;1.0522696011004127;198.56565888000006
JessYanCoding/AndroidAutoSize;https://github.com/JessYanCoding/AndroidAutoSize;11830;3.1;14;7;Java;5.3;1.38;6.388328
baomidou/mybatis-plus;https://github.com/baomidou/mybatis-plus;11692;5.1;21;473;Java;5.899280575539568;1.3651079136690647;91.58335771599995
pinpoint-apm/pinpoint;https://github.com/pinpoint-apm/pinpoint;11674;6.9;47;4958;Java;5.4107013738250185;1.1594360086767896;1917.677837892008
Tencent/VasSonic;https://github.com/Tencent/VasSonic;11386;4.1;10;115;Java;4.160714285714286;1.2678571428571428;24.054029109999995
Netflix/zuul;https://github.com/Netflix/zuul;11270;8.5;5;582;Java;6.417874396135265;1.567632850241546;107.34193683999992
jfeinstein10/SlidingMenu;https://github.com/jfeinstein10/SlidingMenu;11180;9.2;0;130;Java;4.706666666666667;1.8;10.06345612
androidannotations/androidannotations;https://github.com/androidannotations/androidannotations;11160;9.7;0;633;Java;6.054979253112033;1.7240663900414939;201.42302048999997
apache/druid;https://github.com/apache/druid;11140;8.9;46;7552;Java;8.951276813074566;1.3208375893769153;2452.365213283007
GoogleContainerTools/jib;https://github.com/GoogleContainerTools/jib;11125;3.6;129;2127;Java;7.130057803468208;1.2124277456647399;210.36750384899992
Yalantis/uCrop;https://github.com/Yalantis/uCrop;10880;5.7;13;179;Java;6.25;1.3421052631578947;20.59064705
williamfiset/Algorithms;https://github.com/williamfiset/Algorithms;10832;4.5;0;136;Java;2.5926724137931036;1.0517241379310345;152.5760300799998
alibaba/vlayout;https://github.com/alibaba/vlayout;10801;4.5;34;23;Java;5.28125;1.84375;45.50940783000001
LuckSiege/PictureSelector;https://github.com/LuckSiege/PictureSelector;10794;4.7;97;36;Java;5.875661375661376;1.32010582010582;86.49671104
zhisheng17/flink-learning;https://github.com/zhisheng17/flink-learning;10781;2.7;0;23;Java;3.6784968684759916;1.068893528183716;66.21593824000003
permissions-dispatcher/PermissionsDispatcher;https://github.com/permissions-dispatcher/PermissionsDispatcher;10763;6.1;40;293;Java;1.6083333333333334;1.2166666666666666;9.17330831
Netflix/eureka;https://github.com/Netflix/eureka;10713;9.1;141;818;Java;5.956815114709851;1.269905533063428;167.71596311600007
pagehelper/Mybatis-PageHelper;https://github.com/pagehelper/Mybatis-PageHelper;10628;7.3;8;38;Java;5.816326530612245;1.3877551020408163;18.09253513
antlr/antlr4;https://github.com/antlr/antlr4;10614;11.6;22;1474;Java;4.886919831223628;3.208438818565401;203.01285776200007
hyb1996/Auto.js;https://github.com/hyb1996/Auto.js;10455;4.6;0;42;Java;5.8113413304253;1.5823336968375137;303.65546988800014
google/guice;https://github.com/google/guice;10417;7.3;14;414;Java;3.9375840731772933;1.2862523540489643;289.0488496970004
ben-manes/caffeine;https://github.com/ben-manes/caffeine;10406;6.7;55;105;Java;4.685294117647059;1.6549019607843136;217.06239228800004
heibaiying/BigData-Notes;https://github.com/heibaiying/BigData-Notes;10402;2.5;0;21;Java;5.641025641025641;1.205128205128205;12.941666839999998
lipangit/JiaoZiVideoPlayer;https://github.com/lipangit/JiaoZiVideoPlayer;10387;5.6;78;72;Java;7.171428571428572;2.085714285714286;22.889225170000003
H07000223/FlycoTabLayout;https://github.com/H07000223/FlycoTabLayout;10387;5.8;4;22;Java;6.264705882352941;1.5;7.84142458
jeasonlzy/okhttp-OkGo;https://github.com/jeasonlzy/okhttp-OkGo;10373;5.7;14;19;Java;5.588397790055248;1.6187845303867403;66.50219531
java-decompiler/jd-gui;https://github.com/java-decompiler/jd-gui;10359;6.5;18;52;Java;4.526960784313726;2.411764705882353;98.50593458199992
seaswalker/spring-analysis;https://github.com/seaswalker/spring-analysis;10339;5.0;0;12;Java;2.3529411764705883;1.2058823529411764;3.13333337
lingochamp/FileDownloader;https://github.com/lingochamp/FileDownloader;10293;5.7;65;66;Java;4.511111111111111;1.6814814814814816;67.78916635
tbruyelle/RxPermissions;https://github.com/tbruyelle/RxPermissions;10232;5.9;11;75;Java;4.428571428571429;1.0476190476190477;3.65189995
JakeWharton/ViewPagerIndicator;https://github.com/JakeWharton/ViewPagerIndicator;10232;10.1;0;149;Java;5.358208955223881;2.208955223880597;13.901446459999999
codecentric/spring-boot-admin;https://github.com/codecentric/spring-boot-admin;10185;7.1;59;432;Java;7.401408450704225;1.3051643192488263;96.38912778999993
redis/jedis;https://github.com/redis/jedis;10037;11.2;49;1177;Java;3.5530973451327434;1.2013274336283186;99.90168074999998
code4craft/webmagic;https://github.com/code4craft/webmagic;10019;8.4;20;172;Java;4.563517915309446;1.1661237785016287;74.16957453999999
keycloak/keycloak;https://github.com/keycloak/keycloak;9963;8.2;11;8422;Java;8.030644548562746;1.7799164239584653;2683.1457236790066
mission-peace/interview;https://github.com/mission-peace/interview;9938;7.1;0;226;Java;2.0119760479041915;1.035928143712575;40.59530261000002
apache/zookeeper;https://github.com/apache/zookeeper;9830;12.5;0;1746;Java;5.991535671100363;2.0078597339782345;452.1426604100007
YoKeyword/Fragmentation;https://github.com/YoKeyword/Fragmentation;9704;5.5;30;43;Java;5.2140350877192985;1.7017543859649122;62.80662474999999
daniulive/SmarterStreaming;https://github.com/daniulive/SmarterStreaming;9681;5.5;0;1;Java;3.738372093023256;1.0465116279069768;13.637570590000001
liaohuqiu/android-Ultra-Pull-To-Refresh;https://github.com/liaohuqiu/android-Ultra-Pull-To-Refresh;9673;6.8;8;49;Java;3.993827160493827;1.3950617283950617;20.74425736
OpenAPITools/openapi-generator;https://github.com/OpenAPITools/openapi-generator;9630;3.3;42;5932;Java;5.069874476987447;1.3221757322175731;753.5310115790007
ksoichiro/Android-ObservableScrollView;https://github.com/ksoichiro/Android-ObservableScrollView;9622;6.8;0;25;Java;5.0;1.9613095238095237;62.482702150000016
alibaba/DataX;https://github.com/alibaba/DataX;9590;3.6;0;236;Java;4.537220843672457;2.0272952853598016;221.73049885199998
janishar/mit-deep-learning-book-pdf;https://github.com/janishar/mit-deep-learning-book-pdf;9577;4.4;3;6;Java;0;0.5;0.0
apache/pulsar;https://github.com/apache/pulsar;9575;5.2;50;8157;Java;7.228659644024701;1.732110424990919;1175.8075392379997
HarlonWang/AVLoadingIndicatorView;https://github.com/HarlonWang/AVLoadingIndicatorView;9553;5.9;1;24;Java;3.5268817204301075;1.7634408602150538;15.243864890000001
macrozheng/mall-learning;https://github.com/macrozheng/mall-learning;9532;2.4;0;34;Java;4.708708708708708;1.1561561561561562;108.47987668000005
pockethub/PocketHub;https://github.com/pockethub/PocketHub;9473;10.0;1;626;Java;6.544600938967136;1.4741784037558685;47.023916375999995
wasabeef/glide-transformations;https://github.com/wasabeef/glide-transformations;9457;6.7;0;44;Java;5.357142857142857;2.0714285714285716;12.279257180000002
google/auto;https://github.com/google/auto;9393;8.3;51;727;Java;3.9914367269267363;1.7164605137963844;142.07070287499994
react-native-camera/react-native-camera;https://github.com/react-native-camera/react-native-camera;9370;6.4;142;1041;Java;4.251121076233184;1.2152466367713004;47.27025114
umano/AndroidSlidingUpPanel;https://github.com/umano/AndroidSlidingUpPanel;9322;8.3;8;167;Java;4.666666666666667;1.2777777777777777;3.23627244
neo4j/neo4j;https://github.com/neo4j/neo4j;9291;8.8;72;9730;Java;7.382440476190476;1.4930555555555556;2591.445949726999
googlesamples/easypermissions;https://github.com/googlesamples/easypermissions;9245;5.7;12;114;Java;8.676470588235293;1.4411764705882353;15.784457099999996
thingsboard/thingsboard;https://github.com/thingsboard/thingsboard;9216;4.8;44;2192;Java;8.06576670128072;1.6119764624437523;714.7778025619987
perwendel/spark;https://github.com/perwendel/spark;9161;10.4;0;517;Java;4.5225225225225225;1.2927927927927927;54.15007401300001
square/javapoet;https://github.com/square/javapoet;9130;8.6;0;468;Java;4.45;1.14;25.769386459999993
navasmdc/MaterialDesignLibrary;https://github.com/navasmdc/MaterialDesignLibrary;9119;6.9;3;92;Java;4.481927710843373;1.7951807228915662;21.78579282
clojure/clojure;https://github.com/clojure/clojure;9089;11.2;0;88;Java;3.738537794299876;1.5613382899628252;111.3744455419999
bilibili/DanmakuFlameMaster;https://github.com/bilibili/DanmakuFlameMaster;9062;8.1;5;63;Java;5.132947976878612;1.6011560693641618;53.548726769999995
grpc/grpc-java;https://github.com/grpc/grpc-java;9048;6.8;96;5809;Java;6.020857208342884;1.512033004813202;786.8749133239995
MyCATApache/Mycat-Server;https://github.com/MyCATApache/Mycat-Server;9046;6.8;7;1205;Java;5.596899224806202;1.2953488372093023;441.47253163300013
jhy/jsoup;https://github.com/jhy/jsoup;9005;11.7;4;419;Java;5.493865030674846;1.8098159509202454;52.48043931000001
careercup/CtCI-6th-Edition;https://github.com/careercup/CtCI-6th-Edition;8995;6.2;0;160;Java;2.237704918032787;1.0672131147540984;77.562510756
apereo/cas;https://github.com/apereo/cas;8929;10.0;191;3919;Java;10.045744680851064;1.5825227963525836;1575.0146421399972
pxb1988/dex2jar;https://github.com/pxb1988/dex2jar;8928;6.5;4;19;Java;5.366269165247019;1.5434412265758093;112.89330358599994
koral--/android-gif-drawable;https://github.com/koral--/android-gif-drawable;8924;8.6;55;128;Java;6.0606060606060606;1.621212121212121;15.680495749999999
termux/termux-app;https://github.com/termux/termux-app;8922;5.9;88;217;Java;5.652;1.432;74.03700916000001
hackware1993/MagicIndicator;https://github.com/hackware1993/MagicIndicator;8854;5.2;12;11;Java;4.951923076923077;1.3269230769230769;22.0136382
zaproxy/zaproxy;https://github.com/zaproxy/zaproxy;8793;6.3;227;2648;Java;5.585581957309706;2.4522754732178815;1015.7810698469983
roughike/BottomBar;https://github.com/roughike/BottomBar;8452;5.5;4;139;Java;4.835820895522388;1.2686567164179106;9.76977989
GcsSloop/AndroidNote;https://github.com/GcsSloop/AndroidNote;8357;5.7;0;15;Java;4.333333333333333;1.2222222222222223;2.25948046
florent37/MaterialViewPager;https://github.com/florent37/MaterialViewPager;8226;6.4;11;35;Java;4.444444444444445;1.2666666666666666;8.00756187
alibaba/atlas;https://github.com/alibaba/atlas;7993;4.5;7;55;Java;5.859225512528474;1.4469248291571755;587.1403426049999
crossoverJie/cim;https://github.com/crossoverJie/cim;7936;3.3;7;36;Java;4.80225988700565;1.2768361581920904;42.58466720600003
HannahMitt/HomeMirror;https://github.com/HannahMitt/HomeMirror;7904;6.1;0;20;Java;2.6865671641791047;1.0597014925373134;8.88891264
amitshekhariitbhu/Android-Debug-Database;https://github.com/amitshekhariitbhu/Android-Debug-Database;7887;4.8;12;51;Java;4.080645161290323;1.2580645161290323;13.789353909999999
ChrisRM/material-theme-jetbrains;https://github.com/ChrisRM/material-theme-jetbrains;7885;6.0;17;99;Java;4.315642458100559;2.2486033519553073;72.42328063999999
newbee-ltd/newbee-mall;https://github.com/newbee-ltd/newbee-mall;7857;2.0;0;6;Java;4.9222222222222225;1.0555555555555556;31.44550687
firebase/quickstart-android;https://github.com/firebase/quickstart-android;7824;5.4;0;540;Java;5.116666666666666;1.3666666666666667;44.66424157
MindorksOpenSource/android-interview-questions;https://github.com/MindorksOpenSource/android-interview-questions;7821;4.2;0;84;Java;0;0.5;0.0
huanghaibin-dev/CalendarView;https://github.com/huanghaibin-dev/CalendarView;7818;4.5;0;22;Java;6.531073446327683;2.146892655367232;55.163568720000015
Netflix/SimianArmy;https://github.com/Netflix/SimianArmy;7792;9.2;4;224;Java;5.826797385620915;1.4183006535947713;85.15717322999997
jwtk/jjwt;https://github.com/jwtk/jjwt;7750;7.0;0;219;Java;3.8986486486486487;2.074324324324324;34.779726200000006
guolindev/LitePal;https://github.com/guolindev/LitePal;7724;8.6;0;7;Java;4.985148514851486;1.6435643564356435;49.744721009999985
JakeWharton/hugo;https://github.com/JakeWharton/hugo;7700;7.8;0;58;Java;5.0;1.0;1.2
trello/RxLifecycle;https://github.com/trello/RxLifecycle;7681;6.1;22;157;Java;6.353658536585366;1.6341463414634145;9.48149363
hs-web/hsweb-framework;https://github.com/hs-web/hsweb-framework;7660;5.6;22;64;Java;6.094476744186046;1.2296511627906976;145.77450403
shwenzhang/AndResGuard;https://github.com/shwenzhang/AndResGuard;7646;5.9;4;48;Java;3.373134328358209;1.4776119402985075;28.24981776
square/moshi;https://github.com/square/moshi;7590;7.1;0;672;Java;4.071641791044776;1.1940298507462686;39.62806956700001
airbnb/epoxy;https://github.com/airbnb/epoxy;7509;5.1;68;454;Java;5.9601449275362315;1.9365942028985508;207.4195617599999
kaushikgopal/RxJava-Android-Samples;https://github.com/kaushikgopal/RxJava-Android-Samples;7489;7.1;0;68;Java;6.551724137931035;1.8045977011494252;22.131467739999998
dropwizard/metrics;https://github.com/dropwizard/metrics;7420;11.5;70;1533;Java;5.319467554076539;1.3344425956738768;154.73304086999997
OpenFeign/feign;https://github.com/OpenFeign/feign;7400;8.2;20;697;Java;4.633408071748879;1.797085201793722;132.68010845999987
aritraroy/UltimateAndroidReference;https://github.com/aritraroy/UltimateAndroidReference;7367;4.4;0;105;Java;0.5;0.5;0.25
macrozheng/mall-swarm;https://github.com/macrozheng/mall-swarm;7346;1.8;1;17;Java;3.865284974093264;1.2370466321243523;275.1743159200005
google/agera;https://github.com/google/agera;7296;5.7;16;125;Java;6.305841924398625;1.2371134020618557;60.19242296
react-native-image-picker/react-native-image-picker;https://github.com/react-native-image-picker/react-native-image-picker;7279;6.3;83;395;Java;5.0;1.2307692307692308;2.29697906
square/dagger;https://github.com/square/dagger;7278;9.1;0;293;Java;3.159313725490196;1.2303921568627452;39.766965420000005
facebook/litho;https://github.com/facebook/litho;7264;4.6;46;438;Java;7.485929319371728;1.2657068062827226;561.3668494890004
Bearded-Hen/Android-Bootstrap;https://github.com/Bearded-Hen/Android-Bootstrap;7236;7.9;5;70;Java;6.875;1.65;36.883628030000004
resilience4j/resilience4j;https://github.com/resilience4j/resilience4j;7235;6.3;29;683;Java;7.021333333333334;1.5928888888888888;223.9876862659998
cymcsg/UltimateRecyclerView;https://github.com/cymcsg/UltimateRecyclerView;7229;6.6;9;109;Java;5.201044386422977;1.6892950391644908;87.44902685
apache/shardingsphere-elasticjob;https://github.com/apache/shardingsphere-elasticjob;7224;6.0;26;900;Java;5.860402684563758;1.2577181208053692;164.42850582099993
lecho/hellocharts-android;https://github.com/lecho/hellocharts-android;7214;6.9;14;45;Java;6.383116883116883;1.655844155844156;47.96543513999999
pedant/sweet-alert-dialog;https://github.com/pedant/sweet-alert-dialog;7205;6.9;2;28;Java;4.117647058823529;1.1764705882352942;4.01162169
JakeWharton/ActionBarSherlock;https://github.com/JakeWharton/ActionBarSherlock;7177;10.5;32;253;Java;6.11214953271028;1.9672897196261683;107.34259259000001
crazycodeboy/TakePhoto;https://github.com/crazycodeboy/TakePhoto;7157;6.1;15;13;Java;4.964285714285714;1.2321428571428572;18.77545025
vipshop/vjtools;https://github.com/vipshop/vjtools;7145;3.3;9;51;Java;3.126315789473684;1.2736842105263158;89.92484508
geeeeeeeeek/WeChatLuckyMoney;https://github.com/geeeeeeeeek/WeChatLuckyMoney;7110;5.9;20;62;Java;5.136363636363637;1.3181818181818181;5.282102500000001
google/tsunami-security-scanner;https://github.com/google/tsunami-security-scanner;7106;1.3;4;13;Java;5.980487804878049;1.5317073170731708;33.308757289999996
koush/AndroidAsync;https://github.com/koush/AndroidAsync;7095;9.0;0;142;Java;3.6066176470588234;1.5294117647058822;73.437922
leolin310148/ShortcutBadger;https://github.com/leolin310148/ShortcutBadger;7066;7.8;0;69;Java;5.125;1.125;9.898437659999999
gedoor/MyBookshelf;https://github.com/gedoor/MyBookshelf;7035;3.2;160;193;Java;6.294629898403484;1.455732946298984;173.3433295499999
signalapp/Signal-Server;https://github.com/signalapp/Signal-Server;7016;7.8;0;83;Java;6.753246753246753;1.2935064935064935;233.40444363499995
davemorrissey/subsampling-scale-image-view;https://github.com/davemorrissey/subsampling-scale-image-view;6998;8.0;21;60;Java;5.5479452054794525;1.5616438356164384;13.35855217
doocs/leetcode;https://github.com/doocs/leetcode;6961;3.0;16;541;Java;2.0987654320987654;0.9876543209876543;11.104484269999997
ogaclejapan/SmartTabLayout;https://github.com/ogaclejapan/SmartTabLayout;6949;6.6;0;30;Java;6.217391304347826;1.608695652173913;10.412930945
google/android-classyshark;https://github.com/google/android-classyshark;6861;5.9;17;99;Java;3.1549295774647885;1.272300469483568;50.72255367999999
hongyangAndroid/okhttputils;https://github.com/hongyangAndroid/okhttputils;6859;6.1;0;28;Java;3.676056338028169;1.4366197183098592;15.392507629999999
Qihoo360/RePlugin;https://github.com/Qihoo360/RePlugin;6854;4.3;17;187;Java;5.133037694013304;1.4146341463414633;122.36960122200001
apache/cassandra;https://github.com/apache/cassandra;6846;12.3;0;1194;Java;7.635051226327228;1.7371934181931077;1764.958732518002
swagger-api/swagger-core;https://github.com/swagger-api/swagger-core;6832;10.2;66;1414;Java;4.9823788546255505;1.2431718061674009;144.3155365549999
alibaba/otter;https://github.com/alibaba/otter;6784;8.1;10;53;Java;4.925154320987654;1.4567901234567902;360.5278222559999
dyc87112/SpringCloud-Learning;https://github.com/dyc87112/SpringCloud-Learning;6774;5.1;0;9;Java;5.8498402555910545;1.0415335463258786;95.08738871999999
barteksc/AndroidPdfViewer;https://github.com/barteksc/AndroidPdfViewer;6745;5.3;0;67;Java;4.862068965517241;1.2241379310344827;13.940169680000002
zhoutaoo/SpringCloud;https://github.com/zhoutaoo/SpringCloud;6743;4.1;0;86;Java;6.475609756097561;1.434959349593496;23.556944490000003
kevin-wayne/algs4;https://github.com/kevin-wayne/algs4;6737;6.0;0;51;Java;4.055147058823529;1.0110294117647058;95.19808882999996
java-native-access/jna;https://github.com/java-native-access/jna;6732;10.4;0;705;Java;4.755929279862009;2.491159982751186;573.270742063
hongyangAndroid/AndroidAutoLayout;https://github.com/hongyangAndroid/AndroidAutoLayout;6717;5.8;0;11;Java;5.7594936708860756;1.9746835443037976;20.521554830000003
goldze/MVVMHabit;https://github.com/goldze/MVVMHabit;6652;4.1;3;6;Java;3.571875;1.26875;43.30526415999998
DroidPluginTeam/DroidPlugin;https://github.com/DroidPluginTeam/DroidPlugin;6632;6.0;2;57;Java;3.298602287166455;4.382465057179162;82.47595111999996
KunMinX/Jetpack-MVVM-Best-Practice;https://github.com/KunMinX/Jetpack-MVVM-Best-Practice;6618;1.9;0;41;Java;4.721311475409836;1.3934426229508197;24.027856490000005
naman14/Timber;https://github.com/naman14/Timber;6612;6.2;5;148;Java;5.387665198237886;1.4581497797356828;87.75889988
abel533/Mapper;https://github.com/abel533/Mapper;6596;6.8;2;81;Java;4.911214953271028;1.2313084112149533;80.306829344
seven332/EhViewer;https://github.com/seven332/EhViewer;6579;7.3;97;73;Java;7.132890365448505;1.818936877076412;172.66593188500008
yanzhenjie/AndPermission;https://github.com/yanzhenjie/AndPermission;6545;5.0;0;21;Java;3.970414201183432;1.1597633136094674;24.489978990000004
NLPchina/elasticsearch-sql;https://github.com/NLPchina/elasticsearch-sql;6494;7.0;165;236;Java;9.056338028169014;1.323943661971831;49.265173473000004
uber/RIBs;https://github.com/uber/RIBs;6470;3.9;4;206;Java;4.46829268292683;1.273170731707317;30.784408096000003
Exrick/xmall;https://github.com/Exrick/xmall;6406;4.1;0;17;Java;4.220820189274448;1.1577287066246056;136.7297202160001
apache/dolphinscheduler;https://github.com/apache/dolphinscheduler;6395;2.5;17;3335;Java;6.167164179104478;1.3291044776119403;402.3568357360009
Angel-ML/angel;https://github.com/Angel-ML/angel;6385;4.4;19;557;Java;8.19224467504096;1.7695248498088476;518.1891510850008
zendesk/android-floating-action-button;https://github.com/zendesk/android-floating-action-button;6342;7.0;0;85;Java;5.318181818181818;1.5909090909090908;3.8715094
yuanguangxin/LeetCode;https://github.com/yuanguangxin/LeetCode;6303;1.7;0;4;Java;1.218978102189781;0.9927007299270073;23.630556230000007
koush/ion;https://github.com/koush/ion;6282;8.3;0;72;Java;4.520689655172414;1.4551724137931035;35.987599146
apache/storm;https://github.com/apache/storm;6272;7.8;0;3411;Java;5.569974046715911;1.295268516669994;1323.7610539540037
json-path/JsonPath;https://github.com/json-path/JsonPath;6247;10.6;7;288;Java;4.6880733944954125;1.510703363914373;63.00698015800003
vinc3m1/RoundedImageView;https://github.com/vinc3m1/RoundedImageView;6246;8.6;19;51;Java;7.875;1.6875;3.52372944
gocd/gocd;https://github.com/gocd/gocd;6229;7.7;68;6445;Java;8.122321134190571;1.270359380151665;1370.322564769999
GrenderG/Toasty;https://github.com/GrenderG/Toasty;6227;4.6;19;36;Java;3.823529411764706;1.0;1.7123931099999998
lenve/VBlog;https://github.com/lenve/VBlog;6214;3.7;0;10;Java;4.4;1.0;8.20683632
spring-projects/spring-security;https://github.com/spring-projects/spring-security;6209;9.7;74;1725;Java;7.345502529140092;1.54849351220585;970.0190412789977
wildfirechat/server;https://github.com/wildfirechat/server;6208;2.6;48;17;Java;6.935643564356436;1.5358910891089108;245.4864765679999
Meituan-Dianping/walle;https://github.com/Meituan-Dianping/walle;6194;4.7;1;37;Java;3.1157894736842104;1.1789473684210525;27.448354399999996
k9mail/k-9;https://github.com/k9mail/k-9;6180;10.6;112;2312;Java;4.9817073170731705;1.3851626016260163;226.2126513999999
ionic-team/capacitor;https://github.com/ionic-team/capacitor;6168;3.8;63;1900;Java;5.757142857142857;1.4428571428571428;22.986508459999996
markzhai/AndroidPerformanceMonitor;https://github.com/markzhai/AndroidPerformanceMonitor;6167;5.7;0;32;Java;4.0181818181818185;1.2545454545454546;18.97677924
google/closure-compiler;https://github.com/google/closure-compiler;6144;7.4;0;1100;Java;7.235315445975345;1.5072516316171138;784.5549442699995
ikew0ng/SwipeBackLayout;https://github.com/ikew0ng/SwipeBackLayout;6124;8.0;0;29;Java;4.7368421052631575;1.3157894736842106;4.79724634
rengwuxian/MaterialEditText;https://github.com/rengwuxian/MaterialEditText;6106;6.9;19;58;Java;5.444444444444445;1.2592592592592593;3.16407205
flyway/flyway;https://github.com/flyway/flyway;6100;8.7;109;466;Java;5.898;1.574;122.90958954499989
zo0r/react-native-push-notification;https://github.com/zo0r/react-native-push-notification;6086;5.7;34;340;Java;6.1;1.2;6.969630899999999
guardianproject/haven;https://github.com/guardianproject/haven;6069;4.5;37;159;Java;6.7375;1.375;23.222528410000006
SonarSource/sonarqube;https://github.com/SonarSource/sonarqube;6067;10.7;11;3273;Java;7.737240569116303;1.1926641430622633;2642.668476217005
rey5137/material;https://github.com/rey5137/material;6064;6.8;10;52;Java;6.490196078431373;1.6405228758169934;94.36046071999999
pedrovgs/EffectiveAndroidUI;https://github.com/pedrovgs/EffectiveAndroidUI;6061;7.2;0;11;Java;4.378378378378378;1.3243243243243243;17.185999169999995
NanoHttpd/nanohttpd;https://github.com/NanoHttpd/nanohttpd;6051;9.1;3;204;Java;4.310344827586207;1.7793103448275862;29.956625789999997
dromara/Sa-Token;https://github.com/dromara/Sa-Token;6049;1.6;20;11;Java;4.868852459016393;1.273224043715847;45.797997540000004
google/physical-web;https://github.com/google/physical-web;6038;6.9;17;561;Java;4.75796178343949;1.2802547770700636;38.541868380000004
TechEmpower/FrameworkBenchmarks;https://github.com/TechEmpower/FrameworkBenchmarks;6024;8.5;15;5580;Java;4.630794701986755;1.2317880794701987;132.52779246999995
processing/processing;https://github.com/processing/processing;5989;8.6;48;1042;Java;3.6717226435536294;1.6229685807150596;206.91796615000004
NLPchina/ansj_seg;https://github.com/NLPchina/ansj_seg;5984;9.0;3;93;Java;6.225806451612903;1.1797235023041475;55.35735521
smuyyh/BookReader;https://github.com/smuyyh/BookReader;5965;5.1;0;12;Java;4.7785714285714285;1.4357142857142857;127.93569535999991
antoniolg/androidmvp;https://github.com/antoniolg/androidmvp;5956;7.4;0;23;Java;3.066666666666667;1.2;2.59259268
singwhatiwanna/dynamic-load-apk;https://github.com/singwhatiwanna/dynamic-load-apk;5949;7.5;0;53;Java;5.73015873015873;1.4126984126984128;19.555213180000003
zouzg/mybatis-generator-gui;https://github.com/zouzg/mybatis-generator-gui;5946;5.3;16;57;Java;7.0;1.45;16.790123700000002
daimajia/NumberProgressBar;https://github.com/daimajia/NumberProgressBar;5937;7.4;3;23;Java;2.7142857142857144;1.1428571428571428;1.53356645
li-xiaojun/XPopup;https://github.com/li-xiaojun/XPopup;5923;2.8;155;15;Java;4.6931034482758625;1.5827586206896551;47.13703582999999
aa112901/remusic;https://github.com/aa112901/remusic;5915;5.5;0;3;Java;5.184397163120567;1.4515366430260048;201.64811038599996
wyouflf/xUtils3;https://github.com/wyouflf/xUtils3;5904;5.9;9;22;Java;5.200913242009133;1.4018264840182648;64.70162439999999
ArthurHub/Android-Image-Cropper;https://github.com/ArthurHub/Android-Image-Cropper;5883;6.7;32;98;Java;7.536585365853658;1.3414634146341464;12.270475289999998
react-native-video/react-native-video;https://github.com/react-native-video/react-native-video;5840;6.5;5;529;Java;7.146341463414634;1.2682926829268293;13.094487079999999
Graylog2/graylog2-server;https://github.com/Graylog2/graylog2-server;5838;11.3;28;5634;Java;8.454505971769816;1.426058631921824;1144.6305795259977
kekingcn/kkFileView;https://github.com/kekingcn/kkFileView;5833;3.7;10;145;Java;5.170940170940171;1.1367521367521367;40.74323349000001
AsyncHttpClient/async-http-client;https://github.com/AsyncHttpClient/async-http-client;5821;10.5;0;522;Java;5.8493150684931505;1.487062404870624;141.8729082
springside/springside4;https://github.com/springside/springside4;5806;9.5;3;124;Java;3.1550632911392404;1.2721518987341771;66.73907184999999
cryptomator/cryptomator;https://github.com/cryptomator/cryptomator;5768;7.6;111;166;Java;8.400611620795107;1.3180428134556574;101.43991497999993
ityouknow/spring-cloud-examples;https://github.com/ityouknow/spring-cloud-examples;5757;4.4;0;27;Java;3.7540983606557377;1.0;1.9166667
JakeWharton/u2020;https://github.com/JakeWharton/u2020;5734;7.8;0;242;Java;6.17037037037037;1.4148148148148147;33.294744390000005
Nightonke/BoomMenu;https://github.com/Nightonke/BoomMenu;5731;5.5;0;7;Java;5.577586206896552;1.5517241379310345;14.328186129999999
weibocom/motan;https://github.com/weibocom/motan;5723;5.4;16;199;Java;5.8850415512465375;1.4709141274238227;185.62046888000006
prolificinteractive/material-calendarview;https://github.com/prolificinteractive/material-calendarview;5720;6.6;22;225;Java;6.382022471910112;1.5168539325842696;23.492259600000004
Devlight/InfiniteCycleViewPager;https://github.com/Devlight/InfiniteCycleViewPager;5699;5.1;2;6;Java;4.928571428571429;1.5952380952380953;8.1847898
google/error-prone;https://github.com/google/error-prone;5692;7.1;15;1334;Java;6.2857866734228525;1.524448948568533;519.9313946680005
real-logic/aeron;https://github.com/real-logic/aeron;5677;7.6;77;619;Java;8.03674832962138;1.269487750556793;315.3053258549998
daimajia/AndroidImageSlider;https://github.com/daimajia/AndroidImageSlider;5645;7.3;5;49;Java;4.0;1.546875;11.0185718
nhaarman/ListViewAnimations;https://github.com/nhaarman/ListViewAnimations;5642;8.5;14;78;Java;6.427536231884058;2.0434782608695654;30.7574576
sohutv/cachecloud;https://github.com/sohutv/cachecloud;5639;5.6;5;42;Java;3.755671902268761;1.1489237929028504;306.6930327680005
Tencent/Shadow;https://github.com/Tencent/Shadow;5628;2.2;2;172;Java;4.266253869969041;1.7507739938080495;108.94264187999998
JakeWharton/DiskLruCache;https://github.com/JakeWharton/DiskLruCache;5619;9.7;0;50;Java;3.0;1.2307692307692308;5.24255727
react-native-svg/react-native-svg;https://github.com/react-native-svg/react-native-svg;5615;5.6;75;362;Java;7.572916666666667;2.9375;27.37374557
wasabeef/richeditor-android;https://github.com/wasabeef/richeditor-android;5612;6.5;0;36;Java;2.3636363636363638;1.1136363636363635;0.9765625
sshahine/JFoenix;https://github.com/sshahine/JFoenix;5607;6.0;0;157;Java;6.903755868544601;1.619718309859155;111.60543164000002
apache/tomcat;https://github.com/apache/tomcat;5585;9.9;0;442;Java;5.222461170848268;1.955794504181601;1419.5809892199995
ximsfei/Android-skin-support;https://github.com/ximsfei/Android-skin-support;5579;4.7;0;25;Java;6.115479115479116;1.3882063882063882;121.68407737999995
febsteam/FEBS-Shiro;https://github.com/febsteam/FEBS-Shiro;5571;3.5;0;67;Java;6.609467455621302;1.331360946745562;31.4328238
amlcurran/ShowcaseView;https://github.com/amlcurran/ShowcaseView;5563;9.1;13;137;Java;5.303030303030303;1.378787878787879;13.91187348
joelittlejohn/jsonschema2pojo;https://github.com/joelittlejohn/jsonschema2pojo;5557;8.2;58;320;Java;6.5534351145038165;1.133587786259542;66.25485859500004
lets-blade/blade;https://github.com/lets-blade/blade;5550;6.3;9;180;Java;4.6947368421052635;1.256140350877193;66.72185006600002
metersphere/metersphere;https://github.com/metersphere/metersphere;5532;1.6;97;3046;Java;5.710718635809988;1.3252131546894033;414.17464236300066
hongyangAndroid/FlowLayout;https://github.com/hongyangAndroid/FlowLayout;5524;6.0;0;16;Java;4.2;1.3714285714285714;6.37820504
apache/jmeter;https://github.com/apache/jmeter;5518;11.3;0;656;Java;6.065921130076515;2.348440258975868;778.4196147059995
dmytrodanylyk/circular-progress-button;https://github.com/dmytrodanylyk/circular-progress-button;5517;7.3;0;27;Java;3.923076923076923;1.2564102564102564;4.90432808
emilsjolander/StickyListHeaders;https://github.com/emilsjolander/StickyListHeaders;5515;9.5;16;133;Java;4.704545454545454;1.3636363636363635;7.71642985
alibaba/COLA;https://github.com/alibaba/COLA;5513;3.6;3;60;Java;4.006191950464396;1.411764705882353;57.570282999999996
rabbitmq/rabbitmq-tutorials;https://github.com/rabbitmq/rabbitmq-tutorials;5510;11.0;0;200;Java;4.818181818181818;0.9772727272727273;4.93974354
yarolegovich/DiscreteScrollView;https://github.com/yarolegovich/DiscreteScrollView;5505;4.5;2;21;Java;4.188679245283019;1.2358490566037736;15.775377137000001
k0shk0sh/FastHub;https://github.com/k0shk0sh/FastHub;5505;4.6;63;370;Java;8.718716577540107;1.611764705882353;262.7698143499998
rest-assured/rest-assured;https://github.com/rest-assured/rest-assured;5501;10.9;0;240;Java;6.287443267776097;1.1951588502269288;111.71464467200003
liyifeng1994/ssm;https://github.com/liyifeng1994/ssm;5496;5.2;0;32;Java;3.3;1.6;4.23083337
knightliao/disconf;https://github.com/knightliao/disconf;5477;7.3;12;57;Java;4.431924882629108;1.3544600938967135;124.93794736999997
alibaba/freeline;https://github.com/alibaba/freeline;5475;5.1;22;57;Java;3.6838235294117645;1.5955882352941178;29.914650710000004
facebookarchive/rebound;https://github.com/facebookarchive/rebound;5472;7.9;10;45;Java;4.238636363636363;1.3068181818181819;20.38025115
jpush/aurora-imui;https://github.com/jpush/aurora-imui;5470;4.7;42;146;Java;4.793002915451895;1.5247813411078717;67.78413504500003
sockeqwe/mosby;https://github.com/sockeqwe/mosby;5455;6.5;15;80;Java;5.400900900900901;1.6381381381381381;149.31471679999999
mrniko/netty-socketio;https://github.com/mrniko/netty-socketio;5447;9.7;3;117;Java;4.968152866242038;1.2738853503184713;37.16293732999999
dm77/barcodescanner;https://github.com/dm77/barcodescanner;5408;7.5;6;76;Java;5.202702702702703;1.6216216216216217;16.166952570000003
jgilfelt/SystemBarTint;https://github.com/jgilfelt/SystemBarTint;5403;7.8;3;10;Java;7.2;1.6;3.29727572
apache/zeppelin;https://github.com/apache/zeppelin;5390;6.5;0;4216;Java;5.882301273605622;1.2415458937198067;624.2999714970006
evant/gradle-retrolambda;https://github.com/evant/gradle-retrolambda;5383;8.1;37;54;Java;4.423076923076923;1.0;3.4285714100000004
lightbend/config;https://github.com/lightbend/config;5382;9.8;0;258;Java;5.442786069651741;2.044776119402985;58.49725860000001
evernote/android-job;https://github.com/evernote/android-job;5375;6.1;31;61;Java;6.962962962962963;1.7619047619047619;44.273739219999996
wxiaoqi/Spring-Cloud-Platform;https://github.com/wxiaoqi/Spring-Cloud-Platform;5348;4.3;3;13;Java;4.764044943820225;1.398876404494382;50.39037403
debezium/debezium;https://github.com/debezium/debezium;5340;5.6;0;2691;Java;7.395202741290691;1.4254711593375213;558.4626665420003
haifengl/smile;https://github.com/haifengl/smile;5340;6.8;22;171;Java;5.916078431372549;1.3427450980392157;381.19324571300024
languagetool-org/languagetool;https://github.com/languagetool-org/languagetool;5339;8.1;0;1793;Java;5.894807520143241;1.7887197851387646;638.9507973369986
bytedeco/javacv;https://github.com/bytedeco/javacv;5334;7.4;7;120;Java;6.085972850678733;2.1221719457013575;73.757175626
springfox/springfox;https://github.com/springfox/springfox;5329;9.3;12;517;Java;5.98943661971831;1.119718309859155;300.4640649600002
robolectric/robolectric;https://github.com/robolectric/robolectric;5316;11.0;75;4286;Java;5.792942743009321;1.3455392809587217;643.4497150740017
google/grafika;https://github.com/google/grafika;5312;7.7;1;20;Java;6.346153846153846;1.7307692307692308;46.252459730000005
amitshekhariitbhu/Fast-Android-Networking;https://github.com/amitshekhariitbhu/Fast-Android-Networking;5296;5.5;8;39;Java;3.2135416666666665;1.2482638888888888;34.49102958
lucasr/twoway-view;https://github.com/lucasr/twoway-view;5275;8.6;0;48;Java;5.961538461538462;1.7884615384615385;18.5750481
XRecyclerView/XRecyclerView;https://github.com/XRecyclerView/XRecyclerView;5265;5.8;0;30;Java;3.8862275449101795;1.4131736526946108;27.51158960999999
hanks-zyh/HTextView;https://github.com/hanks-zyh/HTextView;5260;5.7;0;21;Java;4.1521739130434785;1.5434782608695652;17.64997417
MindorksOpenSource/from-java-to-kotlin;https://github.com/MindorksOpenSource/from-java-to-kotlin;5250;4.3;0;58;Java;0.3333333333333333;0.6666666666666666;0.25
yixia/VitamioBundle;https://github.com/yixia/VitamioBundle;5233;8.9;0;17;Java;4.901960784313726;1.303921568627451;28.929308980000002
commonsguy/cw-omnibus;https://github.com/commonsguy/cw-omnibus;5231;9.5;36;20;Java;4.5095115681233935;1.5326478149100258;506.856861720001
testcontainers/testcontainers-java;https://github.com/testcontainers/testcontainers-java;5229;6.4;51;2928;Java;5.606209150326797;1.5359477124183007;158.75037446999997
Alluxio/alluxio;https://github.com/Alluxio/alluxio;5227;8.7;48;12797;Java;7.795089707271011;1.4793830657853322;1075.8814156909996
pentaho/pentaho-kettle;https://github.com/pentaho/pentaho-kettle;5216;7.9;1;8104;Java;6.912442396313364;1.2997198879551821;2584.7256301789967
h2pl/Java-Tutorial;https://github.com/h2pl/Java-Tutorial;5212;3.4;0;8;Java;0;0.6666666666666666;0.0
scribejava/scribejava;https://github.com/scribejava/scribejava;5209;11.0;7;423;Java;4.202429149797571;1.3987854251012146;120.12506957599999
apache/incubator-shenyu;https://github.com/apache/incubator-shenyu;5208;3.2;3;1148;Java;6.214194373401535;1.1547314578005115;440.6515883920002
square/otto;https://github.com/square/otto;5207;9.2;0;90;Java;2.4069767441860463;1.372093023255814;11.73671176
changmingxie/tcc-transaction;https://github.com/changmingxie/tcc-transaction;5204;5.8;2;41;Java;4.224066390041494;1.2572614107883817;63.30806843000001
Clans/FloatingActionButton;https://github.com/Clans/FloatingActionButton;5193;6.5;14;77;Java;4.541666666666667;1.3541666666666667;7.0618779599999995
apache/dubbo-spring-boot-project;https://github.com/apache/dubbo-spring-boot-project;5182;3.6;13;221;Java;7.011111111111111;1.1555555555555554;21.281339500000005
graphql-java/graphql-java;https://github.com/graphql-java/graphql-java;5179;6.2;38;1334;Java;9.356297093649085;1.5371367061356298;275.77707186000004
gzu-liyujiang/AndroidPicker;https://github.com/gzu-liyujiang/AndroidPicker;5176;5.9;39;18;Java;5.366666666666666;1.5904761904761904;52.04078118600002
Yalantis/Side-Menu.Android;https://github.com/Yalantis/Side-Menu.Android;5167;6.7;2;18;Java;3.6842105263157894;1.1578947368421053;3.12619057
intuit/karate;https://github.com/intuit/karate;5166;4.6;43;318;Java;6.141210374639769;1.2247838616714697;225.26426526
thinkaurelius/titan;https://github.com/thinkaurelius/titan;5142;9.5;0;266;Java;6.3943573667711595;1.4150470219435736;358.23671786800014
motianhuo/wechat;https://github.com/motianhuo/wechat;5140;6.3;0;5;Java;5.037735849056604;1.2327044025157232;144.99210966000007
h6ah4i/android-advancedrecyclerview;https://github.com/h6ah4i/android-advancedrecyclerview;5140;6.6;1;69;Java;6.588383838383838;2.4015151515151514;103.31292510599997
527515025/springBoot;https://github.com/527515025/springBoot;5139;4.8;0;49;Java;5.181132075471698;1.1433962264150943;67.92171293999999
yanzhenjie/SwipeRecyclerView;https://github.com/yanzhenjie/SwipeRecyclerView;5123;5.1;0;13;Java;4.8478260869565215;1.3840579710144927;55.046040302000016
wuhaoyu1990/MagicCamera;https://github.com/wuhaoyu1990/MagicCamera;5105;5.7;0;3;Java;3.535410764872521;1.4645892351274787;99.49660125999989
xxv/android-lifecycle;https://github.com/xxv/android-lifecycle;5100;7.4;0;3;Java;6.0;1.4285714285714286;0.0
CameraKit/camerakit-android;https://github.com/CameraKit/camerakit-android;5100;4.8;17;114;Java;3.4705882352941178;1.2521008403361344;19.63774747
JesusFreke/smali;https://github.com/JesusFreke/smali;5094;9.0;1;104;Java;6.3078260869565215;1.7365217391304348;244.271614296
KeepSafe/TapTargetView;https://github.com/KeepSafe/TapTargetView;5074;5.0;23;105;Java;4.4;1.125;3.1333662
spring-projects/spring-petclinic;https://github.com/spring-projects/spring-petclinic;5065;8.7;0;601;Java;6.560975609756097;1.2926829268292683;9.83163149
Vedenin/useful-java-links;https://github.com/Vedenin/useful-java-links;5059;5.6;0;93;Java;2.2954545454545454;1.018939393939394;12.681481709999998
frogermcs/InstaMaterial;https://github.com/frogermcs/InstaMaterial;5044;6.8;1;8;Java;4.728395061728395;1.5185185185185186;19.457997780000007
Karumi/Dexter;https://github.com/Karumi/Dexter;5035;5.8;33;97;Java;4.37037037037037;1.1851851851851851;13.132638625999999
micronaut-projects/micronaut-core;https://github.com/micronaut-projects/micronaut-core;5025;3.5;97;3258;Java;6.1833810888252145;1.3151862464183381;651.464890767
alibaba/UltraViewPager;https://github.com/alibaba/UltraViewPager;5024;4.5;10;9;Java;5.0;1.32;5.7376325900000005
wasabeef/Blurry;https://github.com/wasabeef/Blurry;5008;6.1;0;16;Java;4.8;0.9333333333333333;1.7541666999999999
twowaits/SDE-Interview-Questions;https://github.com/twowaits/SDE-Interview-Questions;5004;3.9;1;189;Java;0;0.5;0.0
wequick/Small;https://github.com/wequick/Small;4996;5.8;25;59;Java;3.7795698924731185;1.467741935483871;24.961528889999997
Trinea/android-common;https://github.com/Trinea/android-common;4993;9.2;1;9;Java;4.405405405405405;1.2342342342342343;50.605808370000005
careercup/ctci;https://github.com/careercup/ctci;4983;8.5;0;145;Java;1.9519230769230769;1.1153846153846154;50.626821410000005
apache/beam;https://github.com/apache/beam;4981;5.6;14;15481;Java;8.59951207995593;1.6438970646100575;2630.5714005800064
YunaiV/onemall;https://github.com/YunaiV/onemall;4967;2.4;0;19;Java;6.06318449873631;1.1381634372367313;161.75423363000004
traex/RippleEffect;https://github.com/traex/RippleEffect;4965;6.9;0;30;Java;3.25;1.3;2.5818252
crazycodeboy/react-native-splash-screen;https://github.com/crazycodeboy/react-native-splash-screen;4948;5.0;11;120;Java;3.0;1.1538461538461537;1.4166667
TommyLemon/Android-ZBLibrary;https://github.com/TommyLemon/Android-ZBLibrary;4948;6.1;25;14;Java;5.367924528301887;1.5566037735849056;89.35858421000002
spring-projects/spring-mvc-showcase;https://github.com/spring-projects/spring-mvc-showcase;4944;10.3;0;42;Java;5.084745762711864;1.1864406779661016;6.9636906
amitshekhariitbhu/RxJava2-Android-Samples;https://github.com/amitshekhariitbhu/RxJava2-Android-Samples;4942;5.0;0;32;Java;3.6451612903225805;1.2473118279569892;34.93888876999999
orhanobut/dialogplus;https://github.com/orhanobut/dialogplus;4929;6.7;9;49;Java;5.066666666666666;1.0;5.761136410000001
MinecraftForge/MinecraftForge;https://github.com/MinecraftForge/MinecraftForge;4904;9.6;0;4196;Java;6.599141016463851;2.282032927702219;422.22786538600093
Devlight/NavigationTabBar;https://github.com/Devlight/NavigationTabBar;4895;5.5;13;12;Java;3.9491525423728815;1.2881355932203389;5.91081467
journeyapps/zxing-android-embedded;https://github.com/journeyapps/zxing-android-embedded;4882;8.8;6;95;Java;5.340425531914893;1.351063829787234;32.89262367999999
Meituan-Dianping/Leaf;https://github.com/Meituan-Dianping/Leaf;4878;2.8;0;51;Java;3.3902439024390243;1.3902439024390243;10.42481991
yipianfengye/android-zxingLibrary;https://github.com/yipianfengye/android-zxingLibrary;4877;5.1;0;14;Java;4.622641509433962;1.3018867924528301;16.752713479999997
Ramotion/folding-cell-android;https://github.com/Ramotion/folding-cell-android;4847;5.4;0;20;Java;3.9545454545454546;1.2727272727272727;3.9118708399999997
andkulikov/Transitions-Everywhere;https://github.com/andkulikov/Transitions-Everywhere;4836;6.9;23;16;Java;6.865979381443299;1.675257731958763;39.847352349999994
claritylab/lucida;https://github.com/claritylab/lucida;4836;7.3;0;89;Java;5.869888475836431;1.5390334572490707;87.42015719599999
ZXZxin/ZXBlog;https://github.com/ZXZxin/ZXBlog;4815;2.6;0;0;Java;1.661764705882353;0.9852941176470589;1.2499999800000001
etsy/AndroidStaggeredGrid;https://github.com/etsy/AndroidStaggeredGrid;4791;7.8;7;40;Java;5.702702702702703;1.8108108108108107;11.726381700000001
rubensousa/GravitySnapHelper;https://github.com/rubensousa/GravitySnapHelper;4790;5.0;14;14;Java;5.666666666666667;1.5555555555555556;2.1749748
mybatis/generator;https://github.com/mybatis/generator;4778;8.6;9;402;Java;7.772382397572079;1.937784522003035;168.94350043399982
junit-team/junit5;https://github.com/junit-team/junit5;4763;6.7;51;917;Java;4.847931873479319;1.3532035685320356;351.85946640500003
socketio/socket.io-client-java;https://github.com/socketio/socket.io-client-java;4759;8.4;3;46;Java;1.9345794392523366;1.0981308411214954;13.92509924
danikula/AndroidVideoCache;https://github.com/danikula/AndroidVideoCache;4754;6.4;20;24;Java;4.769230769230769;1.4743589743589745;17.62624069
btraceio/btrace;https://github.com/btraceio/btrace;4743;7.0;27;113;Java;5.106267029972752;1.3065395095367847;127.34258187999995
saiwu-bigkoo/Android-ConvenientBanner;https://github.com/saiwu-bigkoo/Android-ConvenientBanner;4739;6.7;0;19;Java;4.666666666666667;1.4;7.13537684
gyoogle/tech-interview-for-developer;https://github.com/gyoogle/tech-interview-for-developer;4736;2.3;0;93;Java;1.2142857142857142;0.9285714285714286;1.84285719
google/cameraview;https://github.com/google/cameraview;4734;5.1;0;79;Java;4.767123287671233;1.2465753424657535;14.024967579999998
hibernate/hibernate-orm;https://github.com/hibernate/hibernate-orm;4731;10.9;16;4120;Java;6.397217827004219;1.7279799578059072;4445.276072626979
mcxiaoke/packer-ng-plugin;https://github.com/mcxiaoke/packer-ng-plugin;4727;5.8;1;11;Java;2.71875;1.34375;10.23624336
pardom-zz/ActiveAndroid;https://github.com/pardom-zz/ActiveAndroid;4725;8.8;0;146;Java;3.8412698412698414;1.9047619047619047;12.30954563
gabrielemariotti/cardslib;https://github.com/gabrielemariotti/cardslib;4723;8.0;27;57;Java;5.894088669950739;2.1748768472906406;196.33981078000008
facebook/shimmer-android;https://github.com/facebook/shimmer-android;4709;6.5;5;32;Java;7.5;1.625;2.55137635
DingMouRen/LayoutManagerGroup;https://github.com/DingMouRen/LayoutManagerGroup;4702;3.4;0;4;Java;4.875;1.546875;17.776493740000003
JodaOrg/joda-time;https://github.com/JodaOrg/joda-time;4687;10.3;32;164;Java;8.557347670250897;2.2795698924731185;266.79113278000005
ffay/lanproxy;https://github.com/ffay/lanproxy;4668;4.8;1;13;Java;4.171875;1.171875;17.633207930000005
square/sqlbrite;https://github.com/square/sqlbrite;4651;6.6;9;126;Java;4.654205607476635;1.3457943925233644;19.367009460000002
AriaLyy/Aria;https://github.com/AriaLyy/Aria;4631;5.6;26;19;Java;6.772667542706965;1.6228646517739815;261.01038362000014
hongyangAndroid/baseAdapter;https://github.com/hongyangAndroid/baseAdapter;4631;6.1;0;9;Java;4.784313725490196;1.2941176470588236;8.544445960000001
google/google-authenticator;https://github.com/google/google-authenticator;4626;6.9;0;44;Java;3.8225806451612905;1.6612903225806452;20.247049989999994
wdullaer/MaterialDateTimePicker;https://github.com/wdullaer/MaterialDateTimePicker;4613;6.7;54;161;Java;6.391891891891892;1.445945945945946;21.029421730000003
quartz-scheduler/quartz;https://github.com/quartz-scheduler/quartz;4605;5.5;2;264;Java;5.305797101449276;1.563768115942029;194.77193740999996
questdb/questdb;https://github.com/questdb/questdb;4594;7.4;36;821;Java;6.670893906588308;1.774203526136715;713.9649841819996
go-lang-plugin-org/go-lang-idea-plugin;https://github.com/go-lang-plugin-org/go-lang-idea-plugin;4590;11.0;21;655;Java;8.375992939099735;2.207413945278023;173.08308976500007
tomakehurst/wiremock;https://github.com/tomakehurst/wiremock;4586;9.9;4;543;Java;6.019486271036316;1.3427812223206377;196.388149282
danielzeller/Depth-LIB-Android-;https://github.com/danielzeller/Depth-LIB-Android-;4582;5.4;0;8;Java;3.7522935779816513;1.201834862385321;18.873746545
chentao0707/SimplifyReader;https://github.com/chentao0707/SimplifyReader;4576;6.1;0;12;Java;4.1295418641390205;1.377567140600316;131.66940089999997
SplashCodes/JAViewer;https://github.com/SplashCodes/JAViewer;4564;5.3;10;24;Java;5.7555555555555555;1.5888888888888888;37.173479740000005
jOOQ/jOOQ;https://github.com/jOOQ/jOOQ;4552;10.4;0;236;Java;11.990980392156862;2.5541176470588236;774.7624296849997
huangyanbin/smartTable;https://github.com/huangyanbin/smartTable;4541;3.8;44;4;Java;5.076712328767123;1.1863013698630136;57.59249509
PaperMC/Paper;https://github.com/PaperMC/Paper;4540;5.6;1;2108;Java;4.6;1.3;2.1416667
youlookwhat/CloudReader;https://github.com/youlookwhat/CloudReader;4538;4.8;23;5;Java;4.730769230769231;1.4743589743589745;94.34135483
alibaba/jvm-sandbox;https://github.com/alibaba/jvm-sandbox;4530;4.1;12;98;Java;3.260127931769723;1.2942430703624734;68.56492654999998
JakeWharton/NineOldAndroids;https://github.com/JakeWharton/NineOldAndroids;4528;9.8;0;24;Java;4.258992805755396;1.4244604316546763;30.95653921000001
Nepxion/Discovery;https://github.com/Nepxion/Discovery;4527;3.2;110;78;Java;4.919424460431655;1.3381294964028776;164.73758865699995
hazelcast/hazelcast;https://github.com/hazelcast/hazelcast;4526;9.5;52;12499;Java;8.90528538600087;1.8032420346562326;4111.212532625031
Flipboard/bottomsheet;https://github.com/Flipboard/bottomsheet;4515;6.4;10;70;Java;4.826086956521739;1.3478260869565217;10.335695039999997
jdamcd/android-crop;https://github.com/jdamcd/android-crop;4507;7.5;6;71;Java;4.15625;1.34375;6.533019839999999
raphw/byte-buddy;https://github.com/raphw/byte-buddy;4505;7.8;230;164;Java;6.47061061441887;1.6381966901274492;911.290559930997
kyleduo/SwitchButton;https://github.com/kyleduo/SwitchButton;4504;7.0;0;15;Java;4.214285714285714;1.3571428571428572;2.94059645
razerdp/BasePopup;https://github.com/razerdp/BasePopup;4504;5.7;15;10;Java;5.85387323943662;1.6848591549295775;159.67098088999992
OpenTSDB/opentsdb;https://github.com/OpenTSDB/opentsdb;4500;11.0;26;1108;Java;7.157614483493078;1.2875399361022364;224.20086986399994
zhanghai/Douya;https://github.com/zhanghai/Douya;4499;5.6;11;2;Java;6.0465863453815265;1.829718875502008;339.4375889380004
theonedev/onedev;https://github.com/theonedev/onedev;4498;2.8;63;36;Java;6.1137806761626905;1.5002574223442595;1259.0103243559968
vavr-io/vavr;https://github.com/vavr-io/vavr;4494;7.6;17;1528;Java;8.524642289348172;1.3052464228934817;201.46564574000007
romandanylyk/PageIndicatorView;https://github.com/romandanylyk/PageIndicatorView;4490;5.1;14;33;Java;5.438356164383562;1.4794520547945205;20.37000739
confluentinc/ksql;https://github.com/confluentinc/ksql;4486;5.0;8;5400;Java;8.94302606826122;1.2932007524858908;1028.9110825589999
frohoff/ysoserial;https://github.com/frohoff/ysoserial;4485;6.6;0;93;Java;5.3884297520661155;1.3305785123966942;14.838095490000002
jgilfelt/chuck;https://github.com/jgilfelt/chuck;4475;4.6;5;28;Java;5.767441860465116;1.3488372093023255;10.278688540000001
nisrulz/android-tips-tricks;https://github.com/nisrulz/android-tips-tricks;4470;5.0;0;19;Java;0.5;0.5;0.25
plantuml/plantuml;https://github.com/plantuml/plantuml;4464;10.9;0;150;Java;7.983262325015216;1.5706025562994521;853.4969221190006
spring-projects/spring-security-oauth;https://github.com/spring-projects/spring-security-oauth;4456;10.1;0;467;Java;6.283716283716283;1.6523476523476524;216.27666166799983
pili-engineering/PLDroidPlayer;https://github.com/pili-engineering/PLDroidPlayer;4448;6.3;38;61;Java;4.0;1.2627737226277371;22.022018959999993
gephi/gephi;https://github.com/gephi/gephi;4446;9.9;12;117;Java;4.393449781659388;1.6589519650655022;565.3676316800002
spring-cloud/spring-cloud-netflix;https://github.com/spring-cloud/spring-cloud-netflix;4444;7.2;2;891;Java;7.442105263157894;1.2421052631578948;41.55174034800001
square/android-times-square;https://github.com/square/android-times-square;4443;8.6;0;158;Java;4.36734693877551;1.2040816326530612;7.946247539999999
techGay/v9porn;https://github.com/techGay/v9porn;4437;3.4;9;15;Java;4.9192462987886945;1.339165545087483;118.28257209000002
HotBitmapGG/bilibili-android-client;https://github.com/HotBitmapGG/bilibili-android-client;4412;5.3;1;3;Java;4.9125;1.8142857142857143;254.45334833000024
alibaba/dexposed;https://github.com/alibaba/dexposed;4401;6.2;0;8;Java;2.8378378378378377;1.6486486486486487;13.12266658
hustcc/JS-Sorting-Algorithm;https://github.com/hustcc/JS-Sorting-Algorithm;4399;4.6;0;33;Java;3.3076923076923075;0.9230769230769231;1.2333333999999998
castorflex/SmoothProgressBar;https://github.com/castorflex/SmoothProgressBar;4390;7.8;9;30;Java;4.755102040816326;1.2040816326530612;8.101339009999998
flowable/flowable-engine;https://github.com/flowable/flowable-engine;4389;4.9;18;2100;Java;8.642266072565246;1.8390621684701889;2482.5103985860064
auth0/java-jwt;https://github.com/auth0/java-jwt;4387;7.5;29;265;Java;5.818181818181818;1.4805194805194806;26.045330360000005
lingochamp/okdownload;https://github.com/lingochamp/okdownload;4375;3.7;8;42;Java;6.421511627906977;1.2616279069767442;86.96404925
jankotek/mapdb;https://github.com/jankotek/mapdb;4373;9.1;0;119;Java;3.227272727272727;2.015151515151515;38.606148739999995
mcxiaoke/android-volley;https://github.com/mcxiaoke/android-volley;4359;8.3;0;45;Java;5.052631578947368;1.8796992481203008;29.026430442000006
sofastack/sofa-boot;https://github.com/sofastack/sofa-boot;4355;3.4;45;494;Java;5.325635103926097;1.2401847575057736;157.72696135999985
MindorksOpenSource/android-mvp-architecture;https://github.com/MindorksOpenSource/android-mvp-architecture;4340;4.6;0;22;Java;5.775510204081633;1.3741496598639455;38.61425780999999
alibaba/transmittable-thread-local;https://github.com/alibaba/transmittable-thread-local;4320;7.9;43;98;Java;4.882352941176471;1.2352941176470589;18.817013329999998
981011512/--;https://github.com/981011512/--;4318;1.2;0;18;Java;4.382142857142857;1.25;99.99576495000002
puniverse/quasar;https://github.com/puniverse/quasar;4312;8.5;18;67;Java;3.685185185185185;1.5348148148148149;246.05463413700002
baidu/uid-generator;https://github.com/baidu/uid-generator;4311;4.5;0;13;Java;2.769230769230769;1.2307692307692308;11.123358190000001
ElderDrivers/EdXposed;https://github.com/ElderDrivers/EdXposed;4295;2.6;27;122;Java;6.1042345276872965;1.6015200868621065;307.5931484200001
mapstruct/mapstruct;https://github.com/mapstruct/mapstruct;4290;9.3;20;862;Java;3.988108720271801;1.162797281993205;1213.9586756999975
firebase/FirebaseUI-Android;https://github.com/firebase/FirebaseUI-Android;4288;6.2;63;788;Java;10.048442906574394;1.986159169550173;93.45287324599994
Ashok-Varma/BottomNavigation;https://github.com/Ashok-Varma/BottomNavigation;4279;5.5;16;32;Java;7.290322580645161;1.3870967741935485;12.97066488
aporter/coursera-android;https://github.com/aporter/coursera-android;4277;7.7;0;36;Java;4.2282430213464695;1.4860426929392447;125.25747696999994
apache/groovy;https://github.com/apache/groovy;4270;6.4;0;1618;Java;5.756027347966895;2.355523569629363;819.9741202889995
LawnchairLauncher/lawnchair;https://github.com/LawnchairLauncher/lawnchair;4268;4.5;29;354;Java;8.497686715135492;1.5247851949768672;495.8816747070003
Jasonchenlijian/FastBle;https://github.com/Jasonchenlijian/FastBle;4268;5.1;8;11;Java;4.339622641509434;1.2830188679245282;15.317633559999999
alipay/SoloPi;https://github.com/alipay/SoloPi;4266;2.5;6;13;Java;4.6342129208371245;1.2047315741583258;193.53457290500006
bingoogolapple/BGARefreshLayout-Android;https://github.com/bingoogolapple/BGARefreshLayout-Android;4244;6.3;4;25;Java;5.116564417177914;1.3987730061349692;26.465759910000003
Tencent/GT;https://github.com/Tencent/GT;4225;5.7;3;5;Java;3.650522317188984;1.2981956315289649;206.37664701100005
jeasonlzy/ImagePicker;https://github.com/jeasonlzy/ImagePicker;4218;5.6;5;33;Java;5.753246753246753;1.4675324675324675;18.126164049999996
apache/hbase;https://github.com/apache/hbase;4195;7.3;11;3674;Java;9.302960620868065;1.5909744179361887;3507.3934858840144
deathmarine/Luyten;https://github.com/deathmarine/Luyten;4193;8.2;17;40;Java;2.330769230769231;1.5307692307692307;27.345509789999998
awsdocs/aws-doc-sdk-examples;https://github.com/awsdocs/aws-doc-sdk-examples;4184;5.1;0;1829;Java;6.53953488372093;1.0316279069767442;149.63679929499986
spring-projects/spring-data-examples;https://github.com/spring-projects/spring-data-examples;4181;7.6;0;177;Java;2.624886741165811;1.0089096949562066;984.9255440499853
roncoo/roncoo-pay;https://github.com/roncoo/roncoo-pay;4178;5.1;0;20;Java;5.151898734177215;1.2860759493670886;147.22200083999994
JanusGraph/janusgraph;https://github.com/JanusGraph/janusgraph;4171;4.7;19;1330;Java;7.281899109792285;1.4937685459940653;453.2621325360003
reactive-streams/reactive-streams-jvm;https://github.com/reactive-streams/reactive-streams-jvm;4160;7.5;0;278;Java;3.1044444444444443;1.2777777777777777;42.21901483
yasserg/crawler4j;https://github.com/yasserg/crawler4j;4159;9.7;3;185;Java;5.214285714285714;1.2976190476190477;28.95720144
grantland/android-autofittextview;https://github.com/grantland/android-autofittextview;4151;10.6;1;23;Java;4.777777777777778;1.2222222222222223;1.81815469
cglib/cglib;https://github.com/cglib/cglib;4151;7.5;15;88;Java;3.212424849699399;1.529058116232465;82.41688210499996
lettuce-io/lettuce-core;https://github.com/lettuce-io/lettuce-core;4146;7.3;93;219;Java;6.948139109212935;1.4575960951799878;339.4051299070002
microg/GmsCore;https://github.com/microg/GmsCore;4144;7.4;24;223;Java;5.180711610486892;1.6264044943820224;254.18519192200003
robinhood/ticker;https://github.com/robinhood/ticker;4144;5.2;9;49;Java;4.777777777777778;1.2962962962962963;10.66313693
2227324689/gpmall;https://github.com/2227324689/gpmall;4143;2.1;0;160;Java;5.056470588235294;1.3576470588235294;78.11185796
awangdev/LintCode;https://github.com/awangdev/LintCode;4137;6.4;0;13;Java;1.9047619047619047;0.9880952380952381;16.20396832
pedrovgs/AndroidWiFiADB;https://github.com/pedrovgs/AndroidWiFiADB;4131;5.9;8;11;Java;2.774193548387097;1.4516129032258065;10.115854199999998
hugeterry/CoordinatorTabLayout;https://github.com/hugeterry/CoordinatorTabLayout;4116;4.6;0;4;Java;5.0;1.3333333333333333;3.6125000000000003
google/google-java-format;https://github.com/google/google-java-format;4111;6.3;13;305;Java;5.657894736842105;1.4013157894736843;44.024895076
Jacksgong/JKeyboardPanelSwitch;https://github.com/Jacksgong/JKeyboardPanelSwitch;4111;6.2;14;9;Java;5.098039215686274;1.2745098039215685;13.24050978
ankidroid/Anki-Android;https://github.com/ankidroid/Anki-Android;4098;8.6;950;4002;Java;7.645535714285714;1.988392857142857;310.3545135560001
javagrowing/JGrowing;https://github.com/javagrowing/JGrowing;4087;2.5;0;21;Java;1.45;0.95;4.7666667
hansonwang99/Spring-Boot-In-Action;https://github.com/hansonwang99/Spring-Boot-In-Action;4080;2.6;0;15;Java;3.837037037037037;1.1111111111111112;29.462528359999997
ChadCSong/ShineButton;https://github.com/ChadCSong/ShineButton;4069;5.2;2;8;Java;3.7222222222222223;1.3888888888888888;5.52749735
Meituan-Dianping/Robust;https://github.com/Meituan-Dianping/Robust;4067;4.5;13;99;Java;3.441860465116279;1.2325581395348837;12.642555715999999
baoyachi/StepView;https://github.com/baoyachi/StepView;4064;5.2;13;4;Java;5.55;1.65;5.652479240000001
macrozheng/springcloud-learning;https://github.com/macrozheng/springcloud-learning;4064;2.0;0;1;Java;4.565934065934066;1.032967032967033;11.57407416
CellularPrivacy/Android-IMSI-Catcher-Detector;https://github.com/CellularPrivacy/Android-IMSI-Catcher-Detector;4057;7.8;48;345;Java;5.0396825396825395;1.3253968253968254;42.065799877999986
youtube/api-samples;https://github.com/youtube/api-samples;4057;7.8;0;85;Java;6.255813953488372;0.9767441860465116;11.858120170000003
bitcoinj/bitcoinj;https://github.com/bitcoinj/bitcoinj;4057;7.8;1;1081;Java;6.9882491186839015;1.7309048178613395;222.72122754599977
trinodb/trino;https://github.com/trinodb/trino;4054;2.6;0;6390;Java;9.363601011083025;1.3680731090803033;2982.5550827990096
airbnb/DeepLinkDispatch;https://github.com/airbnb/DeepLinkDispatch;4054;6.3;17;165;Java;6.25;1.4166666666666667;6.87359051
Netflix/ribbon;https://github.com/Netflix/ribbon;4053;8.7;41;244;Java;4.379746835443038;1.2644163150492265;115.77009916399994
Yalantis/Phoenix;https://github.com/Yalantis/Phoenix;4048;6.7;1;8;Java;4.16;1.6;3.82322833
rubensousa/ViewPagerCards;https://github.com/rubensousa/ViewPagerCards;4040;5.1;0;1;Java;4.8;1.4;3.48544977
bingoogolapple/BGABanner-Android;https://github.com/bingoogolapple/BGABanner-Android;4035;6.9;0;39;Java;4.907407407407407;1.5555555555555556;9.813531909999998
makovkastar/FloatingActionButton;https://github.com/makovkastar/FloatingActionButton;4032;7.1;0;48;Java;5.464285714285714;1.75;6.30678186
alibaba/Tangram-Android;https://github.com/alibaba/Tangram-Android;4032;4.5;38;11;Java;5.2504347826086954;1.674782608695652;116.36549265999992
codingapi/tx-lcn;https://github.com/codingapi/tx-lcn;4029;3.8;14;98;Java;4.986547085201794;1.2062780269058295;38.733723137999995
natario1/CameraView;https://github.com/natario1/CameraView;4022;4.2;41;215;Java;5.581308411214954;1.37196261682243;99.47493224499998
dinuscxj/LoadingDrawable;https://github.com/dinuscxj/LoadingDrawable;4001;5.4;0;2;Java;6.409090909090909;1.4242424242424243;22.572608690000003
cjlin1/libsvm;https://github.com/cjlin1/libsvm;3995;8.0;0;60;Java;3.1714285714285713;1.4285714285714286;8.1892689
Exrick/xpay;https://github.com/Exrick/xpay;3989;3.7;0;2;Java;6.136363636363637;0.9545454545454546;9.41213362
zhanglei-workspace/shopping-management-system;https://github.com/zhanglei-workspace/shopping-management-system;3979;5.8;0;15;Java;3.561224489795918;1.346938775510204;36.25245120000001
getActivity/AndroidProject;https://github.com/getActivity/AndroidProject;3978;2.9;15;5;Java;7.076219512195122;2.1280487804878048;76.11579672000002
rengwuxian/RxJavaSamples;https://github.com/rengwuxian/RxJavaSamples;3972;5.5;3;8;Java;4.462962962962963;1.3703703703703705;12.1291668
apache/ignite;https://github.com/apache/ignite;3968;6.6;0;9243;Java;7.130913892809981;2.058694959245936;5354.788403664957
BoltsFramework/Bolts-Android;https://github.com/BoltsFramework/Bolts-Android;3967;7.6;11;94;Java;2.119496855345912;1.0754716981132075;11.269179700000002
airbytehq/airbyte;https://github.com/airbytehq/airbyte;3966;1.1;76;3125;Java;8.264454976303318;1.4559241706161137;338.4230942000003
ongakuer/CircleIndicator;https://github.com/ongakuer/CircleIndicator;3966;7.1;7;23;Java;6.369565217391305;1.5869565217391304;11.39779161
ThirtyDegreesRay/OpenHub;https://github.com/ThirtyDegreesRay/OpenHub;3961;4.2;31;66;Java;6.745814307458143;1.63013698630137;171.51910445500008
qstumn/BadgeView;https://github.com/qstumn/BadgeView;3960;4.6;5;6;Java;4.222222222222222;1.2777777777777777;5.23948923
zuihou/lamp-cloud;https://github.com/zuihou/lamp-cloud;3956;3.6;0;7;Java;8.641379310344828;1.271264367816092;72.759298482
alibaba/jstorm;https://github.com/alibaba/jstorm;3955;8.0;22;90;Java;5.3434420015163;1.4915339903967653;1101.7765709620023
CodingDocs/springboot-guide;https://github.com/CodingDocs/springboot-guide;3950;2.8;0;18;Java;4.121428571428571;1.1785714285714286;9.84434534
JoanZapata/android-iconify;https://github.com/JoanZapata/android-iconify;3924;8.2;0;38;Java;3.4318181818181817;1.2045454545454546;10.33387453
stleary/JSON-java;https://github.com/stleary/JSON-java;3909;10.7;13;273;Java;2.871794871794872;1.1923076923076923;19.97870259
lcodecorex/TwinklingRefreshLayout;https://github.com/lcodecorex/TwinklingRefreshLayout;3902;5.5;0;4;Java;4.256578947368421;1.361842105263158;25.078159770000003
iNPUTmice/Conversations;https://github.com/iNPUTmice/Conversations;3898;7.6;98;918;Java;7.305084745762712;1.60625814863103;187.93222129999984
apache/hive;https://github.com/apache/hive;3893;12.3;0;2608;Java;7.362745609006098;1.426226090582165;5410.950585225005
ZHENFENG13/spring-boot-projects;https://github.com/ZHENFENG13/spring-boot-projects;3886;4.4;0;19;Java;4.558558558558558;1.063063063063063;22.51721103
yhaolpz/FloatWindow;https://github.com/yhaolpz/FloatWindow;3879;3.8;9;12;Java;3.688888888888889;1.2444444444444445;6.53398414
aurelhubert/ahbottomnavigation;https://github.com/aurelhubert/ahbottomnavigation;3872;5.5;14;55;Java;5.0;1.148936170212766;8.08408261
objectbox/objectbox-java;https://github.com/objectbox/objectbox-java;3872;4.6;24;13;Java;5.515837104072398;1.5339366515837105;56.26688317499999
kiegroup/drools;https://github.com/kiegroup/drools;3860;10.6;0;3826;Java;7.051580059552396;1.5605609451541638;3120.774108149509
xcltapestry/XCL-Charts;https://github.com/xcltapestry/XCL-Charts;3860;7.3;0;2;Java;7.716463414634147;2.1707317073170733;133.51401657999997
Manabu-GT/ExpandableTextView;https://github.com/Manabu-GT/ExpandableTextView;3856;7.3;4;14;Java;4.8125;1.625;3.2766667399999996
phishman3579/java-algorithms-implementation;https://github.com/phishman3579/java-algorithms-implementation;3855;7.8;0;127;Java;3.559090909090909;1.5795454545454546;91.74539043999995
fuzhengwei/itstack-demo-design;https://github.com/fuzhengwei/itstack-demo-design;3850;1.3;0;27;Java;2.1666666666666665;1.1018518518518519;38.24580311
javaparser/javaparser;https://github.com/javaparser/javaparser;3828;9.9;29;1504;Java;10.141643059490084;1.8594900849858358;335.7537982730001
ronmamo/reflections;https://github.com/ronmamo/reflections;3824;8.4;0;110;Java;2.299019607843137;1.1323529411764706;15.615879430000001
roboguice/roboguice;https://github.com/roboguice/roboguice;3822;9.1;0;72;Java;4.182853717026379;1.3117505995203838;320.6510189870005
apache/rocketmq-externals;https://github.com/apache/rocketmq-externals;3822;4.5;0;376;Java;5.21990171990172;1.2813267813267812;206.47664437999995
luckybilly/CC;https://github.com/luckybilly/CC;3811;3.8;0;31;Java;4.925619834710743;1.2479338842975207;21.635165649999998
orhanobut/hawk;https://github.com/orhanobut/hawk;3808;6.6;22;71;Java;3.4814814814814814;1.0;3.40189393
azkaban/azkaban;https://github.com/azkaban/azkaban;3808;8.9;48;1888;Java;6.83065198983912;1.4047417442845047;465.6838318020006
brianfrankcooper/YCSB;https://github.com/brianfrankcooper/YCSB;3799;11.4;55;705;Java;6.965957446808511;1.6212765957446809;92.15898847000003
bluelinelabs/Conductor;https://github.com/bluelinelabs/Conductor;3797;5.5;19;120;Java;5.413793103448276;1.3706896551724137;25.849451030000004
CalebFenton/simplify;https://github.com/CalebFenton/simplify;3792;7.7;9;19;Java;7.887820512820513;1.3974358974358974;95.78923588700005
Piasy/BigImageViewer;https://github.com/Piasy/BigImageViewer;3792;4.8;0;41;Java;4.482758620689655;1.264367816091954;14.84789567
bjmashibing/InternetArchitect;https://github.com/bjmashibing/InternetArchitect;3790;1.9;0;27;Java;4.8125;1.1519886363636365;163.84471689
zhaojun1998/zfile;https://github.com/zhaojun1998/zfile;3790;2.1;37;9;Java;6.260162601626016;1.5853658536585367;31.62935076
dreamhead/moco;https://github.com/dreamhead/moco;3783;8.9;0;67;Java;6.078651685393258;1.5393258426966292;104.67043984499999
brianway/java-learning;https://github.com/brianway/java-learning;3781;5.6;0;14;Java;1.1578249336870026;1.2851458885941645;37.73392896000001
MiguelCatalan/MaterialSearchView;https://github.com/MiguelCatalan/MaterialSearchView;3779;6.0;6;42;Java;3.9523809523809526;1.2857142857142858;4.45931995
chewiebug/GCViewer;https://github.com/chewiebug/GCViewer;3774;9.9;5;90;Java;5.173010380622838;2.169550173010381;88.76905561999999
Heeexy/SpringBoot-Shiro-Vue;https://github.com/Heeexy/SpringBoot-Shiro-Vue;3770;3.8;0;5;Java;5.571428571428571;1.3571428571428572;2.79999998
AntennaPod/AntennaPod;https://github.com/AntennaPod/AntennaPod;3770;9.1;39;2321;Java;7.963364993215739;1.4314789687924017;232.59262782499994
Freeyourgadget/Gadgetbridge;https://github.com/Freeyourgadget/Gadgetbridge;3768;6.7;0;380;Java;6.491494532199271;1.8323207776427703;460.88830186000035
oldmanpushcart/greys-anatomy;https://github.com/oldmanpushcart/greys-anatomy;3767;8.8;0;68;Java;4.049792531120332;1.1493775933609958;56.509501369999995
coobird/thumbnailator;https://github.com/coobird/thumbnailator;3753;6.1;0;8;Java;3.2215568862275448;1.1317365269461077;27.10653723699999
JZ-Darkal/AndroidHttpCapture;https://github.com/JZ-Darkal/AndroidHttpCapture;3734;4.9;1;1;Java;4.467084639498433;1.3887147335423198;100.67621410999999
