nameWithOwner;url;stars;age;releases;pullRequests;primaryLanguage
CyC2018/CS-Notes;https://github.com/CyC2018/CS-Notes;137937;3.6;0;563;Java
Snailclimb/JavaGuide;https://github.com/Snailclimb/JavaGuide;110296;3.3;0;708;Java
iluwatar/java-design-patterns;https://github.com/iluwatar/java-design-patterns;69844;7.1;0;1115;Java
MisterBooo/LeetCodeAnimation;https://github.com/MisterBooo/LeetCodeAnimation;66787;2.8;0;73;Java
spring-projects/spring-boot;https://github.com/spring-projects/spring-boot;57049;8.9;106;4891;Java
elastic/elasticsearch;https://github.com/elastic/elasticsearch;56370;11.6;56;49338;Java
kdn251/interviews;https://github.com/kdn251/interviews;53816;4.6;0;144;Java
macrozheng/mall;https://github.com/macrozheng/mall;52265;3.4;1;78;Java
ReactiveX/RxJava;https://github.com/ReactiveX/RxJava;45149;8.7;225;3633;Java
spring-projects/spring-framework;https://github.com/spring-projects/spring-framework;44216;10.8;210;3467;Java
TheAlgorithms/Java;https://github.com/TheAlgorithms/Java;40502;5.1;0;1895;Java
square/retrofit;https://github.com/square/retrofit;38661;11.0;0;1068;Java
kon9chunkit/GitHub-Chinese-Top-Charts;https://github.com/kon9chunkit/GitHub-Chinese-Top-Charts;38432;2.0;0;12;Java
apache/dubbo;https://github.com/apache/dubbo;36107;9.2;38;4032;Java
PhilJay/MPAndroidChart;https://github.com/PhilJay/MPAndroidChart;33899;7.4;44;470;Java
airbnb/lottie-android;https://github.com/airbnb/lottie-android;31726;4.9;36;541;Java
bumptech/glide;https://github.com/bumptech/glide;31677;8.2;36;589;Java
NationalSecurityAgency/ghidra;https://github.com/NationalSecurityAgency/ghidra;28678;2.5;14;651;Java
zxing/zxing;https://github.com/zxing/zxing;28336;9.9;27;300;Java
eugenp/tutorials;https://github.com/eugenp/tutorials;27424;8.4;0;10679;Java
crossoverJie/JCSprout;https://github.com/crossoverJie/JCSprout;26380;3.7;0;107;Java
ityouknow/spring-boot-examples;https://github.com/ityouknow/spring-boot-examples;26195;4.8;0;42;Java
apolloconfig/apollo;https://github.com/apolloconfig/apollo;25407;5.5;32;1284;Java
proxyee-down-org/proxyee-down;https://github.com/proxyee-down-org/proxyee-down;25378;3.9;49;34;Java
jeecgboot/jeecg-boot;https://github.com/jeecgboot/jeecg-boot;24859;2.8;16;126;Java
alibaba/druid;https://github.com/alibaba/druid;24458;9.8;42;1105;Java
alibaba/fastjson;https://github.com/alibaba/fastjson;23749;9.8;82;742;Java
xkcoding/spring-boot-demo;https://github.com/xkcoding/spring-boot-demo;23281;3.8;0;61;Java
lenve/vhr;https://github.com/lenve/vhr;22254;3.7;0;52;Java
CymChad/BaseRecyclerViewAdapterHelper;https://github.com/CymChad/BaseRecyclerViewAdapterHelper;22243;5.4;191;271;Java
dbeaver/dbeaver;https://github.com/dbeaver/dbeaver;22035;5.9;135;2030;Java
Netflix/Hystrix;https://github.com/Netflix/Hystrix;21925;8.8;79;797;Java
SeleniumHQ/selenium;https://github.com/SeleniumHQ/selenium;21602;8.6;69;2196;Java
wuyouzhuguli/SpringAll;https://github.com/wuyouzhuguli/SpringAll;21586;3.4;0;13;Java
hollischuang/toBeTopJavaer;https://github.com/hollischuang/toBeTopJavaer;21507;2.9;0;66;Java
qiurunze123/miaosha;https://github.com/qiurunze123/miaosha;21456;3.0;0;48;Java
signalapp/Signal-Android;https://github.com/signalapp/Signal-Android;21094;9.7;0;2459;Java
alibaba/easyexcel;https://github.com/alibaba/easyexcel;21045;3.6;1;201;Java
seata/seata;https://github.com/seata/seata;20726;2.7;31;1746;Java
dromara/hutool;https://github.com/dromara/hutool;20338;7.4;99;410;Java
alibaba/spring-cloud-alibaba;https://github.com/alibaba/spring-cloud-alibaba;20018;3.8;25;708;Java
apache/kafka;https://github.com/apache/kafka;19813;10.1;0;11306;Java
halo-dev/halo;https://github.com/halo-dev/halo;19668;3.5;72;493;Java
xuxueli/xxl-job;https://github.com/xuxueli/xxl-job;19350;5.8;30;314;Java
alibaba/nacos;https://github.com/alibaba/nacos;19286;3.2;41;2071;Java
google/ExoPlayer;https://github.com/google/ExoPlayer;18216;7.2;13;1029;Java
Baseflow/PhotoView;https://github.com/Baseflow/PhotoView;17913;9.1;5;151;Java
didi/DoraemonKit;https://github.com/didi/DoraemonKit;17904;3.1;4;338;Java
jenkinsci/jenkins;https://github.com/jenkinsci/jenkins;17798;10.8;123;5682;Java
DrKLO/Telegram;https://github.com/DrKLO/Telegram;17792;7.9;68;487;Java
apache/skywalking;https://github.com/apache/skywalking;17664;5.8;46;3727;Java
redisson/redisson;https://github.com/redisson/redisson;17330;7.7;99;432;Java
bazelbuild/bazel;https://github.com/bazelbuild/bazel;17278;7.2;115;4395;Java
alibaba/Sentinel;https://github.com/alibaba/Sentinel;17254;3.4;18;711;Java
apache/flink;https://github.com/apache/flink;17062;7.3;0;17184;Java
CarGuo/GSYVideoPlayer;https://github.com/CarGuo/GSYVideoPlayer;16626;4.8;26;43;Java
linlinjava/litemall;https://github.com/linlinjava/litemall;16303;3.5;8;156;Java
elunez/eladmin;https://github.com/elunez/eladmin;16301;2.7;6;127;Java
mybatis/mybatis-3;https://github.com/mybatis/mybatis-3;16172;8.6;34;1221;Java
Tencent/tinker;https://github.com/Tencent/tinker;16000;5.0;42;136;Java
dianping/cat;https://github.com/dianping/cat;15878;8.8;0;1018;Java
oracle/graal;https://github.com/oracle/graal;15855;5.6;32;1131;Java
brettwooldridge/HikariCP;https://github.com/brettwooldridge/HikariCP;15697;7.9;0;352;Java
apache/rocketmq;https://github.com/apache/rocketmq;15280;4.8;3;1649;Java
EnterpriseQualityCoding/FizzBuzzEnterpriseEdition;https://github.com/EnterpriseQualityCoding/FizzBuzzEnterpriseEdition;15039;8.8;0;116;Java
winterbe/java8-tutorial;https://github.com/winterbe/java8-tutorial;14998;7.5;0;41;Java
android10/Android-CleanArchitecture;https://github.com/android10/Android-CleanArchitecture;14945;7.1;0;57;Java
TeamNewPipe/NewPipe;https://github.com/TeamNewPipe/NewPipe;14890;6.0;107;1382;Java
openzipkin/zipkin;https://github.com/openzipkin/zipkin;14687;9.3;62;2108;Java
apache/shardingsphere;https://github.com/apache/shardingsphere;14497;5.6;44;7027;Java
lottie-react-native/lottie-react-native;https://github.com/lottie-react-native/lottie-react-native;14438;4.6;3;209;Java
LMAX-Exchange/disruptor;https://github.com/LMAX-Exchange/disruptor;14058;9.0;12;136;Java
lgvalle/Material-Animations;https://github.com/lgvalle/Material-Animations;13584;6.5;0;24;Java
dyc87112/SpringBoot-Learning;https://github.com/dyc87112/SpringBoot-Learning;13521;5.0;0;21;Java
alibaba/ARouter;https://github.com/alibaba/ARouter;13404;4.7;16;139;Java
Bigkoo/Android-PickerView;https://github.com/Bigkoo/Android-PickerView;12909;6.7;0;75;Java
Curzibn/Luban;https://github.com/Curzibn/Luban;12653;5.1;6;32;Java
medcl/elasticsearch-analysis-ik;https://github.com/medcl/elasticsearch-analysis-ik;12613;9.7;139;98;Java
iBotPeaches/Apktool;https://github.com/iBotPeaches/Apktool;12473;9.5;14;311;Java
greenrobot/greenDAO;https://github.com/greenrobot/greenDAO;12426;9.9;8;127;Java
justauth/JustAuth;https://github.com/justauth/JustAuth;12124;2.6;43;61;Java
eclipse/deeplearning4j;https://github.com/eclipse/deeplearning4j;12171;7.8;0;3916;Java
YunaiV/SpringBoot-Labs;https://github.com/YunaiV/SpringBoot-Labs;11815;3.0;0;15;Java
Netflix/zuul;https://github.com/Netflix/zuul;11266;8.5;5;582;Java
realm/realm-java;https://github.com/realm/realm-java;11186;9.4;0;3118;Java
jfeinstein10/SlidingMenu;https://github.com/jfeinstein10/SlidingMenu;11179;9.2;0;130;Java
androidannotations/androidannotations;https://github.com/androidannotations/androidannotations;11158;9.7;0;633;Java
apache/druid;https://github.com/apache/druid;11126;8.9;46;7538;Java
GoogleContainerTools/jib;https://github.com/GoogleContainerTools/jib;11115;3.6;129;2127;Java
Yalantis/uCrop;https://github.com/Yalantis/uCrop;10874;5.7;13;179;Java
sqshq/piggymetrics;https://github.com/sqshq/piggymetrics;10814;6.4;2;43;Java
williamfiset/Algorithms;https://github.com/williamfiset/Algorithms;10810;4.5;0;136;Java
alibaba/vlayout;https://github.com/alibaba/vlayout;10802;4.5;34;23;Java
LuckSiege/PictureSelector;https://github.com/LuckSiege/PictureSelector;10784;4.7;97;36;Java
zhisheng17/flink-learning;https://github.com/zhisheng17/flink-learning;10750;2.7;0;23;Java
Netflix/eureka;https://github.com/Netflix/eureka;10705;9.1;141;818;Java
android-async-http/android-async-http;https://github.com/android-async-http/android-async-http;10647;10.5;3;286;Java
pagehelper/Mybatis-PageHelper;https://github.com/pagehelper/Mybatis-PageHelper;10619;7.2;8;38;Java
antlr/antlr4;https://github.com/antlr/antlr4;10598;11.6;22;1474;Java
projectlombok/lombok;https://github.com/projectlombok/lombok;10522;12.2;3;374;Java
hyb1996/Auto.js;https://github.com/hyb1996/Auto.js;10441;4.6;0;42;Java
google/guice;https://github.com/google/guice;10413;7.3;14;413;Java
ben-manes/caffeine;https://github.com/ben-manes/caffeine;10395;6.7;55;105;Java
H07000223/FlycoTabLayout;https://github.com/H07000223/FlycoTabLayout;10386;5.8;4;22;Java
lipangit/JiaoZiVideoPlayer;https://github.com/lipangit/JiaoZiVideoPlayer;10385;5.6;78;72;Java
jeasonlzy/okhttp-OkGo;https://github.com/jeasonlzy/okhttp-OkGo;10372;5.6;14;19;Java
java-decompiler/jd-gui;https://github.com/java-decompiler/jd-gui;10354;6.5;18;52;Java
seaswalker/spring-analysis;https://github.com/seaswalker/spring-analysis;10327;5.0;0;12;Java
lingochamp/FileDownloader;https://github.com/lingochamp/FileDownloader;10292;5.7;65;66;Java
tbruyelle/RxPermissions;https://github.com/tbruyelle/RxPermissions;10230;5.9;11;75;Java
JakeWharton/ViewPagerIndicator;https://github.com/JakeWharton/ViewPagerIndicator;10230;10.1;0;149;Java
codecentric/spring-boot-admin;https://github.com/codecentric/spring-boot-admin;10180;7.1;59;430;Java
JessYanCoding/MVPArms;https://github.com/JessYanCoding/MVPArms;10103;5.1;25;70;Java
frank-lam/fullstack-tutorial;https://github.com/frank-lam/fullstack-tutorial;10034;3.4;0;27;Java
redis/jedis;https://github.com/redis/jedis;10030;11.2;49;1174;Java
keycloak/keycloak;https://github.com/keycloak/keycloak;9933;8.2;11;8418;Java
gyf-dev/ImmersionBar;https://github.com/gyf-dev/ImmersionBar;9844;4.4;0;8;Java
apache/zookeeper;https://github.com/apache/zookeeper;9819;12.4;0;1743;Java
YoKeyword/Fragmentation;https://github.com/YoKeyword/Fragmentation;9704;5.5;30;43;Java
aosp-mirror/platform_frameworks_base;https://github.com/aosp-mirror/platform_frameworks_base;9700;12.9;0;113;Java
daniulive/SmarterStreaming;https://github.com/daniulive/SmarterStreaming;9676;5.5;0;1;Java
liaohuqiu/android-Ultra-Pull-To-Refresh;https://github.com/liaohuqiu/android-Ultra-Pull-To-Refresh;9674;6.8;8;49;Java
ksoichiro/Android-ObservableScrollView;https://github.com/ksoichiro/Android-ObservableScrollView;9622;6.8;0;25;Java
OpenAPITools/openapi-generator;https://github.com/OpenAPITools/openapi-generator;9603;3.3;42;5916;Java
alibaba/DataX;https://github.com/alibaba/DataX;9577;3.6;0;234;Java
HarlonWang/AVLoadingIndicatorView;https://github.com/HarlonWang/AVLoadingIndicatorView;9550;5.9;1;24;Java
apache/pulsar;https://github.com/apache/pulsar;9549;5.2;50;8123;Java
macrozheng/mall-learning;https://github.com/macrozheng/mall-learning;9516;2.4;0;34;Java
pockethub/PocketHub;https://github.com/pockethub/PocketHub;9472;10.0;1;626;Java
wasabeef/glide-transformations;https://github.com/wasabeef/glide-transformations;9449;6.7;0;44;Java
google/auto;https://github.com/google/auto;9384;8.3;51;727;Java
react-native-camera/react-native-camera;https://github.com/react-native-camera/react-native-camera;9362;6.4;142;1041;Java
umano/AndroidSlidingUpPanel;https://github.com/umano/AndroidSlidingUpPanel;9323;8.3;8;167;Java
neo4j/neo4j;https://github.com/neo4j/neo4j;9284;8.8;72;9730;Java
googlesamples/easypermissions;https://github.com/googlesamples/easypermissions;9236;5.7;12;114;Java
thingsboard/thingsboard;https://github.com/thingsboard/thingsboard;9199;4.8;44;2183;Java
perwendel/spark;https://github.com/perwendel/spark;9154;10.3;0;517;Java
navasmdc/MaterialDesignLibrary;https://github.com/navasmdc/MaterialDesignLibrary;9120;6.9;3;92;Java
square/javapoet;https://github.com/square/javapoet;9119;8.6;0;468;Java
paascloud/paascloud-master;https://github.com/paascloud/paascloud-master;9088;3.5;0;26;Java
clojure/clojure;https://github.com/clojure/clojure;9082;11.2;0;88;Java
bilibili/DanmakuFlameMaster;https://github.com/bilibili/DanmakuFlameMaster;9058;8.1;5;63;Java
MyCATApache/Mycat-Server;https://github.com/MyCATApache/Mycat-Server;9044;6.8;7;1204;Java
grpc/grpc-java;https://github.com/grpc/grpc-java;9032;6.7;96;5793;Java
careercup/CtCI-6th-Edition;https://github.com/careercup/CtCI-6th-Edition;8990;6.2;0;160;Java
nathanmarz/storm;https://github.com/nathanmarz/storm;8940;10.0;0;304;Java
koral--/android-gif-drawable;https://github.com/koral--/android-gif-drawable;8919;8.6;55;128;Java
apereo/cas;https://github.com/apereo/cas;8916;10.0;191;3919;Java
pxb1988/dex2jar;https://github.com/pxb1988/dex2jar;8915;6.5;4;19;Java
chefyuan/algorithm-base;https://github.com/chefyuan/algorithm-base;8902;0.5;0;27;Java
termux/termux-app;https://github.com/termux/termux-app;8895;5.9;88;216;Java
hackware1993/MagicIndicator;https://github.com/hackware1993/MagicIndicator;8851;5.2;12;11;Java
lihengming/spring-boot-api-project-seed;https://github.com/lihengming/spring-boot-api-project-seed;8826;4.2;4;33;Java
chrisbanes/Android-PullToRefresh;https://github.com/chrisbanes/Android-PullToRefresh;8812;9.8;0;80;Java
zaproxy/zaproxy;https://github.com/zaproxy/zaproxy;8783;6.3;227;2647;Java
laobie/StatusBarUtil;https://github.com/laobie/StatusBarUtil;8691;5.6;0;12;Java
DuGuQiuBai/Java;https://github.com/DuGuQiuBai/Java;8648;5.8;0;16;Java
chrisjenx/Calligraphy;https://github.com/chrisjenx/Calligraphy;8625;7.7;4;98;Java
lzyzsd/JsBridge;https://github.com/lzyzsd/JsBridge;8625;6.5;0;34;Java
didi/VirtualAPK;https://github.com/didi/VirtualAPK;8519;4.2;4;32;Java
roughike/BottomBar;https://github.com/roughike/BottomBar;8452;5.5;4;139;Java
quarkusio/quarkus;https://github.com/quarkusio/quarkus;8443;3.2;137;11392;Java
TooTallNate/Java-WebSocket;https://github.com/TooTallNate/Java-WebSocket;8386;11.6;13;335;Java
OpenRefine/OpenRefine;https://github.com/OpenRefine/OpenRefine;8342;8.9;27;1788;Java
florent37/MaterialViewPager;https://github.com/florent37/MaterialViewPager;8225;6.4;11;35;Java
Justson/AgentWeb;https://github.com/Justson/AgentWeb;8222;4.3;16;14;Java
Blankj/awesome-java-leetcode;https://github.com/Blankj/awesome-java-leetcode;8200;4.4;0;15;Java
android/testing-samples;https://github.com/android/testing-samples;8194;6.9;0;199;Java
junit-team/junit4;https://github.com/junit-team/junit4;8188;12.7;13;876;Java
stanfordnlp/CoreNLP;https://github.com/stanfordnlp/CoreNLP;8136;8.2;4;216;Java
cats-oss/android-gpuimage;https://github.com/cats-oss/android-gpuimage;8070;8.9;0;132;Java
facebook/buck;https://github.com/facebook/buck;8036;8.4;56;1148;Java
dropwizard/dropwizard;https://github.com/dropwizard/dropwizard;8030;10.6;109;2844;Java
Activiti/Activiti;https://github.com/Activiti/Activiti;8010;9.0;27;1817;Java
asLody/VirtualApp;https://github.com/asLody/VirtualApp;8005;5.2;0;181;Java
ybq/Android-SpinKit;https://github.com/ybq/Android-SpinKit;7991;5.5;0;16;Java
alibaba/atlas;https://github.com/alibaba/atlas;7991;4.5;7;55;Java
crossoverJie/cim;https://github.com/crossoverJie/cim;7927;3.3;7;36;Java
HannahMitt/HomeMirror;https://github.com/HannahMitt/HomeMirror;7905;6.0;0;20;Java
amitshekhariitbhu/Android-Debug-Database;https://github.com/amitshekhariitbhu/Android-Debug-Database;7883;4.8;12;51;Java
ChrisRM/material-theme-jetbrains;https://github.com/ChrisRM/material-theme-jetbrains;7883;6.0;17;99;Java
newbee-ltd/newbee-mall;https://github.com/newbee-ltd/newbee-mall;7829;2.0;0;6;Java
firebase/quickstart-android;https://github.com/firebase/quickstart-android;7821;5.4;0;540;Java
MindorksOpenSource/android-interview-questions;https://github.com/MindorksOpenSource/android-interview-questions;7805;4.2;0;84;Java
Netflix/SimianArmy;https://github.com/Netflix/SimianArmy;7792;9.2;4;224;Java
jwtk/jjwt;https://github.com/jwtk/jjwt;7742;7.0;0;219;Java
guolindev/LitePal;https://github.com/guolindev/LitePal;7723;8.5;0;7;Java
JakeWharton/hugo;https://github.com/JakeWharton/hugo;7697;7.8;0;58;Java
trello/RxLifecycle;https://github.com/trello/RxLifecycle;7679;6.1;22;157;Java
hs-web/hsweb-framework;https://github.com/hs-web/hsweb-framework;7656;5.6;22;64;Java
square/moshi;https://github.com/square/moshi;7580;7.1;0;670;Java
airbnb/epoxy;https://github.com/airbnb/epoxy;7503;5.1;67;452;Java
kaushikgopal/RxJava-Android-Samples;https://github.com/kaushikgopal/RxJava-Android-Samples;7489;7.1;0;68;Java
dropwizard/metrics;https://github.com/dropwizard/metrics;7419;11.5;70;1530;Java
OpenFeign/feign;https://github.com/OpenFeign/feign;7392;8.2;20;697;Java
aritraroy/UltimateAndroidReference;https://github.com/aritraroy/UltimateAndroidReference;7365;4.4;0;105;Java
macrozheng/mall-swarm;https://github.com/macrozheng/mall-swarm;7322;1.8;1;17;Java
google/agera;https://github.com/google/agera;7295;5.7;16;125;Java
square/dagger;https://github.com/square/dagger;7276;9.1;0;293;Java
react-native-image-picker/react-native-image-picker;https://github.com/react-native-image-picker/react-native-image-picker;7273;6.3;83;394;Java
Bearded-Hen/Android-Bootstrap;https://github.com/Bearded-Hen/Android-Bootstrap;7236;7.8;5;70;Java
cymcsg/UltimateRecyclerView;https://github.com/cymcsg/UltimateRecyclerView;7231;6.6;9;109;Java
resilience4j/resilience4j;https://github.com/resilience4j/resilience4j;7225;6.3;29;681;Java
apache/shardingsphere-elasticjob;https://github.com/apache/shardingsphere-elasticjob;7219;6.0;26;899;Java
lecho/hellocharts-android;https://github.com/lecho/hellocharts-android;7211;6.9;14;45;Java
pedant/sweet-alert-dialog;https://github.com/pedant/sweet-alert-dialog;7205;6.9;2;28;Java
JakeWharton/ActionBarSherlock;https://github.com/JakeWharton/ActionBarSherlock;7177;10.5;32;253;Java
crazycodeboy/TakePhoto;https://github.com/crazycodeboy/TakePhoto;7155;6.1;15;13;Java
vipshop/vjtools;https://github.com/vipshop/vjtools;7142;3.3;9;51;Java
geeeeeeeeek/WeChatLuckyMoney;https://github.com/geeeeeeeeek/WeChatLuckyMoney;7110;5.9;20;62;Java
google/tsunami-security-scanner;https://github.com/google/tsunami-security-scanner;7103;1.3;4;13;Java
koush/AndroidAsync;https://github.com/koush/AndroidAsync;7092;9.0;0;142;Java
leolin310148/ShortcutBadger;https://github.com/leolin310148/ShortcutBadger;7061;7.8;0;69;Java
gedoor/MyBookshelf;https://github.com/gedoor/MyBookshelf;7031;3.2;160;193;Java
signalapp/Signal-Server;https://github.com/signalapp/Signal-Server;7009;7.7;0;82;Java
doocs/source-code-hunter;https://github.com/doocs/source-code-hunter;7003;1.9;0;86;Java
davemorrissey/subsampling-scale-image-view;https://github.com/davemorrissey/subsampling-scale-image-view;6986;8.0;21;60;Java
ogaclejapan/SmartTabLayout;https://github.com/ogaclejapan/SmartTabLayout;6946;6.6;0;30;Java
hongyangAndroid/okhttputils;https://github.com/hongyangAndroid/okhttputils;6859;6.1;0;28;Java
google/android-classyshark;https://github.com/google/android-classyshark;6859;5.9;17;99;Java
Qihoo360/RePlugin;https://github.com/Qihoo360/RePlugin;6852;4.2;17;187;Java
apache/cassandra;https://github.com/apache/cassandra;6841;12.3;0;1185;Java
alibaba/otter;https://github.com/alibaba/otter;6777;8.1;10;53;Java
dyc87112/SpringCloud-Learning;https://github.com/dyc87112/SpringCloud-Learning;6772;5.0;0;9;Java
barteksc/AndroidPdfViewer;https://github.com/barteksc/AndroidPdfViewer;6740;5.3;0;67;Java
kevin-wayne/algs4;https://github.com/kevin-wayne/algs4;6733;6.0;0;51;Java
zhoutaoo/SpringCloud;https://github.com/zhoutaoo/SpringCloud;6727;4.1;0;86;Java
java-native-access/jna;https://github.com/java-native-access/jna;6723;10.4;0;705;Java
hongyangAndroid/AndroidAutoLayout;https://github.com/hongyangAndroid/AndroidAutoLayout;6717;5.8;0;11;Java
goldze/MVVMHabit;https://github.com/goldze/MVVMHabit;6645;4.1;3;6;Java
DroidPluginTeam/DroidPlugin;https://github.com/DroidPluginTeam/DroidPlugin;6629;6.0;2;57;Java
naman14/Timber;https://github.com/naman14/Timber;6610;6.2;5;148;Java
KunMinX/Jetpack-MVVM-Best-Practice;https://github.com/KunMinX/Jetpack-MVVM-Best-Practice;6608;1.9;0;41;Java
abel533/Mapper;https://github.com/abel533/Mapper;6597;6.8;2;81;Java
seven332/EhViewer;https://github.com/seven332/EhViewer;6576;7.3;97;73;Java
yanzhenjie/AndPermission;https://github.com/yanzhenjie/AndPermission;6545;5.0;0;21;Java
NLPchina/elasticsearch-sql;https://github.com/NLPchina/elasticsearch-sql;6491;7.0;165;236;Java
uber/RIBs;https://github.com/uber/RIBs;6465;3.9;4;206;Java
Exrick/xmall;https://github.com/Exrick/xmall;6401;4.1;0;17;Java
Angel-ML/angel;https://github.com/Angel-ML/angel;6383;4.4;19;557;Java
apache/dolphinscheduler;https://github.com/apache/dolphinscheduler;6380;2.5;17;3313;Java
zendesk/android-floating-action-button;https://github.com/zendesk/android-floating-action-button;6343;7.0;0;85;Java
yuanguangxin/LeetCode;https://github.com/yuanguangxin/LeetCode;6293;1.7;0;4;Java
koush/ion;https://github.com/koush/ion;6281;8.3;0;72;Java
apache/storm;https://github.com/apache/storm;6270;7.8;0;3410;Java
vinc3m1/RoundedImageView;https://github.com/vinc3m1/RoundedImageView;6243;8.5;19;51;Java
json-path/JsonPath;https://github.com/json-path/JsonPath;6227;10.6;7;286;Java
GrenderG/Toasty;https://github.com/GrenderG/Toasty;6225;4.6;19;36;Java
gocd/gocd;https://github.com/gocd/gocd;6223;7.7;68;6434;Java
lenve/VBlog;https://github.com/lenve/VBlog;6209;3.7;0;10;Java
checkstyle/checkstyle;https://github.com/checkstyle/checkstyle;6206;8.0;107;6614;Java
spring-projects/spring-security;https://github.com/spring-projects/spring-security;6202;9.7;74;1723;Java
wildfirechat/server;https://github.com/wildfirechat/server;6202;2.6;48;17;Java
Meituan-Dianping/walle;https://github.com/Meituan-Dianping/walle;6188;4.7;1;37;Java
k9mail/k-9;https://github.com/k9mail/k-9;6173;10.6;111;2310;Java
markzhai/AndroidPerformanceMonitor;https://github.com/markzhai/AndroidPerformanceMonitor;6163;5.6;0;32;Java
ionic-team/capacitor;https://github.com/ionic-team/capacitor;6155;3.8;63;1897;Java
google/closure-compiler;https://github.com/google/closure-compiler;6134;7.4;0;1100;Java
ikew0ng/SwipeBackLayout;https://github.com/ikew0ng/SwipeBackLayout;6122;8.0;0;29;Java
rengwuxian/MaterialEditText;https://github.com/rengwuxian/MaterialEditText;6103;6.9;19;58;Java
flyway/flyway;https://github.com/flyway/flyway;6095;8.7;109;466;Java
rey5137/material;https://github.com/rey5137/material;6063;6.7;10;52;Java
pedrovgs/EffectiveAndroidUI;https://github.com/pedrovgs/EffectiveAndroidUI;6061;7.2;0;11;Java
SonarSource/sonarqube;https://github.com/SonarSource/sonarqube;6058;10.7;11;3273;Java
NanoHttpd/nanohttpd;https://github.com/NanoHttpd/nanohttpd;6045;9.1;3;204;Java
google/physical-web;https://github.com/google/physical-web;6037;6.9;17;561;Java
dromara/Sa-Token;https://github.com/dromara/Sa-Token;6024;1.6;20;11;Java
TechEmpower/FrameworkBenchmarks;https://github.com/TechEmpower/FrameworkBenchmarks;6016;8.5;15;5576;Java
processing/processing;https://github.com/processing/processing;5985;8.6;48;1041;Java
NLPchina/ansj_seg;https://github.com/NLPchina/ansj_seg;5980;9.0;3;93;Java
smuyyh/BookReader;https://github.com/smuyyh/BookReader;5965;5.1;0;12;Java
antoniolg/androidmvp;https://github.com/antoniolg/androidmvp;5957;7.4;0;23;Java
singwhatiwanna/dynamic-load-apk;https://github.com/singwhatiwanna/dynamic-load-apk;5947;7.4;0;53;Java
zouzg/mybatis-generator-gui;https://github.com/zouzg/mybatis-generator-gui;5940;5.3;16;57;Java
daimajia/NumberProgressBar;https://github.com/daimajia/NumberProgressBar;5937;7.4;3;23;Java
aa112901/remusic;https://github.com/aa112901/remusic;5912;5.5;0;3;Java
li-xiaojun/XPopup;https://github.com/li-xiaojun/XPopup;5906;2.8;155;15;Java
ArthurHub/Android-Image-Cropper;https://github.com/ArthurHub/Android-Image-Cropper;5881;6.6;32;98;Java
Graylog2/graylog2-server;https://github.com/Graylog2/graylog2-server;5835;11.3;28;5619;Java
react-native-video/react-native-video;https://github.com/react-native-video/react-native-video;5830;6.4;5;529;Java
kekingcn/kkFileView;https://github.com/kekingcn/kkFileView;5826;3.7;10;145;Java
google/j2objc;https://github.com/google/j2objc;5821;7.6;39;725;Java
AsyncHttpClient/async-http-client;https://github.com/AsyncHttpClient/async-http-client;5816;10.5;0;522;Java
cryptomator/cryptomator;https://github.com/cryptomator/cryptomator;5761;7.6;110;166;Java
ityouknow/spring-cloud-examples;https://github.com/ityouknow/spring-cloud-examples;5750;4.4;0;27;Java
JakeWharton/u2020;https://github.com/JakeWharton/u2020;5734;7.8;0;242;Java
Nightonke/BoomMenu;https://github.com/Nightonke/BoomMenu;5730;5.5;0;7;Java
weibocom/motan;https://github.com/weibocom/motan;5723;5.4;16;199;Java
prolificinteractive/material-calendarview;https://github.com/prolificinteractive/material-calendarview;5719;6.6;22;225;Java
Devlight/InfiniteCycleViewPager;https://github.com/Devlight/InfiniteCycleViewPager;5696;5.0;2;6;Java
google/error-prone;https://github.com/google/error-prone;5689;7.0;15;1328;Java
real-logic/aeron;https://github.com/real-logic/aeron;5672;7.6;77;617;Java
daimajia/AndroidImageSlider;https://github.com/daimajia/AndroidImageSlider;5644;7.3;5;49;Java
nhaarman/ListViewAnimations;https://github.com/nhaarman/ListViewAnimations;5642;8.5;14;78;Java
sohutv/cachecloud;https://github.com/sohutv/cachecloud;5639;5.6;5;42;Java
JakeWharton/DiskLruCache;https://github.com/JakeWharton/DiskLruCache;5620;9.7;0;50;Java
wasabeef/richeditor-android;https://github.com/wasabeef/richeditor-android;5610;6.4;0;36;Java
react-native-svg/react-native-svg;https://github.com/react-native-svg/react-native-svg;5609;5.6;75;362;Java
sshahine/JFoenix;https://github.com/sshahine/JFoenix;5604;6.0;0;157;Java
ximsfei/Android-skin-support;https://github.com/ximsfei/Android-skin-support;5576;4.7;0;25;Java
febsteam/FEBS-Shiro;https://github.com/febsteam/FEBS-Shiro;5565;3.5;0;67;Java
amlcurran/ShowcaseView;https://github.com/amlcurran/ShowcaseView;5562;9.1;13;137;Java
joelittlejohn/jsonschema2pojo;https://github.com/joelittlejohn/jsonschema2pojo;5552;8.2;58;320;Java
lets-blade/blade;https://github.com/lets-blade/blade;5550;6.2;9;180;Java
hongyangAndroid/FlowLayout;https://github.com/hongyangAndroid/FlowLayout;5524;6.0;0;16;Java
dmytrodanylyk/circular-progress-button;https://github.com/dmytrodanylyk/circular-progress-button;5517;7.3;0;27;Java
emilsjolander/StickyListHeaders;https://github.com/emilsjolander/StickyListHeaders;5516;9.5;16;133;Java
apache/jmeter;https://github.com/apache/jmeter;5513;11.3;0;656;Java
metersphere/metersphere;https://github.com/metersphere/metersphere;5509;1.6;95;3022;Java
yarolegovich/DiscreteScrollView;https://github.com/yarolegovich/DiscreteScrollView;5504;4.5;2;21;Java
rabbitmq/rabbitmq-tutorials;https://github.com/rabbitmq/rabbitmq-tutorials;5504;11.0;0;200;Java
alibaba/COLA;https://github.com/alibaba/COLA;5499;3.6;3;60;Java
k0shk0sh/FastHub;https://github.com/k0shk0sh/FastHub;5497;4.6;63;370;Java
rest-assured/rest-assured;https://github.com/rest-assured/rest-assured;5494;10.9;0;240;Java
liyifeng1994/ssm;https://github.com/liyifeng1994/ssm;5493;5.2;0;32;Java
alibaba/freeline;https://github.com/alibaba/freeline;5474;5.1;22;57;Java
facebookarchive/rebound;https://github.com/facebookarchive/rebound;5472;7.9;10;45;Java
jpush/aurora-imui;https://github.com/jpush/aurora-imui;5470;4.7;42;146;Java
sockeqwe/mosby;https://github.com/sockeqwe/mosby;5457;6.5;15;80;Java
mrniko/netty-socketio;https://github.com/mrniko/netty-socketio;5446;9.7;3;117;Java
dm77/barcodescanner;https://github.com/dm77/barcodescanner;5409;7.5;6;76;Java
jgilfelt/SystemBarTint;https://github.com/jgilfelt/SystemBarTint;5402;7.8;3;10;Java
apache/zeppelin;https://github.com/apache/zeppelin;5389;6.5;0;4215;Java
evant/gradle-retrolambda;https://github.com/evant/gradle-retrolambda;5384;8.1;37;54;Java
lightbend/config;https://github.com/lightbend/config;5379;9.8;0;258;Java
evernote/android-job;https://github.com/evernote/android-job;5375;6.1;31;61;Java
wxiaoqi/Spring-Cloud-Platform;https://github.com/wxiaoqi/Spring-Cloud-Platform;5343;4.3;3;12;Java
haifengl/smile;https://github.com/haifengl/smile;5337;6.8;22;171;Java
languagetool-org/languagetool;https://github.com/languagetool-org/languagetool;5332;8.1;0;1780;Java
springfox/springfox;https://github.com/springfox/springfox;5328;9.3;12;517;Java
debezium/debezium;https://github.com/debezium/debezium;5325;5.6;0;2685;Java
robolectric/robolectric;https://github.com/robolectric/robolectric;5315;11.0;75;4279;Java
google/grafika;https://github.com/google/grafika;5312;7.7;1;20;Java
amitshekhariitbhu/Fast-Android-Networking;https://github.com/amitshekhariitbhu/Fast-Android-Networking;5295;5.5;8;39;Java
lucasr/twoway-view;https://github.com/lucasr/twoway-view;5272;8.6;0;48;Java
XRecyclerView/XRecyclerView;https://github.com/XRecyclerView/XRecyclerView;5263;5.8;0;30;Java
hanks-zyh/HTextView;https://github.com/hanks-zyh/HTextView;5258;5.7;0;21;Java
MindorksOpenSource/from-java-to-kotlin;https://github.com/MindorksOpenSource/from-java-to-kotlin;5249;4.3;0;58;Java
yixia/VitamioBundle;https://github.com/yixia/VitamioBundle;5233;8.9;0;17;Java
commonsguy/cw-omnibus;https://github.com/commonsguy/cw-omnibus;5229;9.5;36;20;Java
Alluxio/alluxio;https://github.com/Alluxio/alluxio;5221;8.7;48;12785;Java
testcontainers/testcontainers-java;https://github.com/testcontainers/testcontainers-java;5212;6.4;51;2927;Java
scribejava/scribejava;https://github.com/scribejava/scribejava;5208;11.0;7;423;Java
pentaho/pentaho-kettle;https://github.com/pentaho/pentaho-kettle;5207;7.9;1;8103;Java
square/otto;https://github.com/square/otto;5207;9.2;0;90;Java
h2pl/Java-Tutorial;https://github.com/h2pl/Java-Tutorial;5204;3.4;0;8;Java
apache/incubator-shenyu;https://github.com/apache/incubator-shenyu;5198;3.2;3;1136;Java
changmingxie/tcc-transaction;https://github.com/changmingxie/tcc-transaction;5197;5.8;2;40;Java
apache/dubbo-spring-boot-project;https://github.com/apache/dubbo-spring-boot-project;5177;3.6;13;221;Java
graphql-java/graphql-java;https://github.com/graphql-java/graphql-java;5173;6.2;38;1334;Java
gzu-liyujiang/AndroidPicker;https://github.com/gzu-liyujiang/AndroidPicker;5172;5.9;39;18;Java
Yalantis/Side-Menu.Android;https://github.com/Yalantis/Side-Menu.Android;5167;6.7;2;18;Java
intuit/karate;https://github.com/intuit/karate;5155;4.6;43;318;Java
thinkaurelius/titan;https://github.com/thinkaurelius/titan;5141;9.5;0;266;Java
h6ah4i/android-advancedrecyclerview;https://github.com/h6ah4i/android-advancedrecyclerview;5139;6.6;1;69;Java
motianhuo/wechat;https://github.com/motianhuo/wechat;5138;6.3;0;5;Java
527515025/springBoot;https://github.com/527515025/springBoot;5134;4.8;0;49;Java
yanzhenjie/SwipeRecyclerView;https://github.com/yanzhenjie/SwipeRecyclerView;5123;5.1;0;13;Java
JodaOrg/joda-time;https://github.com/JodaOrg/joda-time;4685;10.3;32;164;Java
ffay/lanproxy;https://github.com/ffay/lanproxy;4664;4.8;1;13;Java
square/sqlbrite;https://github.com/square/sqlbrite;4652;6.6;9;126;Java
AriaLyy/Aria;https://github.com/AriaLyy/Aria;4627;5.6;26;19;Java
google/google-authenticator;https://github.com/google/google-authenticator;4616;6.9;0;44;Java
wdullaer/MaterialDateTimePicker;https://github.com/wdullaer/MaterialDateTimePicker;4612;6.7;54;161;Java
go-lang-plugin-org/go-lang-idea-plugin;https://github.com/go-lang-plugin-org/go-lang-idea-plugin;4590;11.0;21;655;Java
tomakehurst/wiremock;https://github.com/tomakehurst/wiremock;4586;9.9;4;542;Java
questdb/questdb;https://github.com/questdb/questdb;4580;7.4;36;809;Java
SplashCodes/JAViewer;https://github.com/SplashCodes/JAViewer;4562;5.3;10;24;Java
jOOQ/jOOQ;https://github.com/jOOQ/jOOQ;4546;10.4;0;236;Java
youlookwhat/CloudReader;https://github.com/youlookwhat/CloudReader;4538;4.8;23;5;Java
huangyanbin/smartTable;https://github.com/huangyanbin/smartTable;4536;3.8;44;4;Java
alibaba/jvm-sandbox;https://github.com/alibaba/jvm-sandbox;4528;4.1;12;98;Java
JakeWharton/NineOldAndroids;https://github.com/JakeWharton/NineOldAndroids;4528;9.7;0;24;Java
PaperMC/Paper;https://github.com/PaperMC/Paper;4528;5.6;1;2102;Java
Nepxion/Discovery;https://github.com/Nepxion/Discovery;4521;3.2;110;78;Java
Flipboard/bottomsheet;https://github.com/Flipboard/bottomsheet;4515;6.4;10;70;Java
jdamcd/android-crop;https://github.com/jdamcd/android-crop;4506;7.5;6;71;Java
kyleduo/SwitchButton;https://github.com/kyleduo/SwitchButton;4503;7.0;0;15;Java
raphw/byte-buddy;https://github.com/raphw/byte-buddy;4500;7.8;230;164;Java
razerdp/BasePopup;https://github.com/razerdp/BasePopup;4500;5.6;15;10;Java
OpenTSDB/opentsdb;https://github.com/OpenTSDB/opentsdb;4495;11.0;26;1108;Java
vavr-io/vavr;https://github.com/vavr-io/vavr;4489;7.6;17;1528;Java
confluentinc/ksql;https://github.com/confluentinc/ksql;4480;4.9;8;5391;Java
theonedev/onedev;https://github.com/theonedev/onedev;4476;2.8;63;36;Java
frohoff/ysoserial;https://github.com/frohoff/ysoserial;4473;6.6;0;91;Java
jgilfelt/chuck;https://github.com/jgilfelt/chuck;4469;4.6;5;28;Java
nisrulz/android-tips-tricks;https://github.com/nisrulz/android-tips-tricks;4467;5.0;0;19;Java
spring-projects/spring-security-oauth;https://github.com/spring-projects/spring-security-oauth;4455;10.1;0;467;Java
pili-engineering/PLDroidPlayer;https://github.com/pili-engineering/PLDroidPlayer;4448;6.3;38;61;Java
plantuml/plantuml;https://github.com/plantuml/plantuml;4448;10.8;0;146;Java
spring-cloud/spring-cloud-netflix;https://github.com/spring-cloud/spring-cloud-netflix;4443;7.2;2;891;Java
square/android-times-square;https://github.com/square/android-times-square;4443;8.6;0;158;Java
gephi/gephi;https://github.com/gephi/gephi;4441;9.9;12;117;Java
techGay/v9porn;https://github.com/techGay/v9porn;4433;3.4;9;15;Java
HotBitmapGG/bilibili-android-client;https://github.com/HotBitmapGG/bilibili-android-client;4413;5.3;1;3;Java
alibaba/dexposed;https://github.com/alibaba/dexposed;4399;6.2;0;8;Java
hustcc/JS-Sorting-Algorithm;https://github.com/hustcc/JS-Sorting-Algorithm;4396;4.6;0;33;Java
castorflex/SmoothProgressBar;https://github.com/castorflex/SmoothProgressBar;4390;7.8;9;30;Java
auth0/java-jwt;https://github.com/auth0/java-jwt;4383;7.5;29;265;Java
flowable/flowable-engine;https://github.com/flowable/flowable-engine;4379;4.9;18;2100;Java
jankotek/mapdb;https://github.com/jankotek/mapdb;4371;9.1;0;119;Java
lingochamp/okdownload;https://github.com/lingochamp/okdownload;4371;3.7;8;42;Java
mcxiaoke/android-volley;https://github.com/mcxiaoke/android-volley;4360;8.3;0;45;Java
sofastack/sofa-boot;https://github.com/sofastack/sofa-boot;4354;3.4;45;493;Java
orientechnologies/orientdb;https://github.com/orientechnologies/orientdb;4345;8.7;168;869;Java
MindorksOpenSource/android-mvp-architecture;https://github.com/MindorksOpenSource/android-mvp-architecture;4340;4.6;0;22;Java
alibaba/transmittable-thread-local;https://github.com/alibaba/transmittable-thread-local;4312;7.9;43;97;Java
981011512/--;https://github.com/981011512/--;4311;1.2;0;17;Java
puniverse/quasar;https://github.com/puniverse/quasar;4308;8.4;18;67;Java
baidu/uid-generator;https://github.com/baidu/uid-generator;4307;4.5;0;13;Java
ElderDrivers/EdXposed;https://github.com/ElderDrivers/EdXposed;4292;2.6;27;122;Java
Ashok-Varma/BottomNavigation;https://github.com/Ashok-Varma/BottomNavigation;4279;5.5;16;32;Java
mapstruct/mapstruct;https://github.com/mapstruct/mapstruct;4278;9.3;20;862;Java
aporter/coursera-android;https://github.com/aporter/coursera-android;4276;7.7;0;36;Java
apache/groovy;https://github.com/apache/groovy;4268;6.4;0;1618;Java
LawnchairLauncher/lawnchair;https://github.com/LawnchairLauncher/lawnchair;4261;4.5;29;354;Java
alipay/SoloPi;https://github.com/alipay/SoloPi;4253;2.5;6;13;Java
bingoogolapple/BGARefreshLayout-Android;https://github.com/bingoogolapple/BGARefreshLayout-Android;4244;6.3;4;25;Java
Tencent/GT;https://github.com/Tencent/GT;4224;5.7;3;5;Java
jeasonlzy/ImagePicker;https://github.com/jeasonlzy/ImagePicker;4215;5.6;5;33;Java
apache/hbase;https://github.com/apache/hbase;4191;7.3;11;3662;Java
deathmarine/Luyten;https://github.com/deathmarine/Luyten;4191;8.2;17;40;Java
roncoo/roncoo-pay;https://github.com/roncoo/roncoo-pay;4176;5.1;0;20;Java
spring-projects/spring-data-examples;https://github.com/spring-projects/spring-data-examples;4175;7.6;0;177;Java
awsdocs/aws-doc-sdk-examples;https://github.com/awsdocs/aws-doc-sdk-examples;4172;5.1;0;1783;Java
yasserg/crawler4j;https://github.com/yasserg/crawler4j;4158;9.7;3;185;Java
reactive-streams/reactive-streams-jvm;https://github.com/reactive-streams/reactive-streams-jvm;4156;7.5;0;278;Java
grantland/android-autofittextview;https://github.com/grantland/android-autofittextview;4150;10.6;1;23;Java
robinhood/ticker;https://github.com/robinhood/ticker;4144;5.1;9;49;Java
2227324689/gpmall;https://github.com/2227324689/gpmall;4142;2.1;0;159;Java
microg/GmsCore;https://github.com/microg/GmsCore;4138;7.4;24;223;Java
lettuce-io/lettuce-core;https://github.com/lettuce-io/lettuce-core;4138;7.3;93;218;Java
awangdev/LintCode;https://github.com/awangdev/LintCode;4137;6.4;0;13;Java
pedrovgs/AndroidWiFiADB;https://github.com/pedrovgs/AndroidWiFiADB;4131;5.9;8;11;Java
hugeterry/CoordinatorTabLayout;https://github.com/hugeterry/CoordinatorTabLayout;4114;4.6;0;4;Java
Jacksgong/JKeyboardPanelSwitch;https://github.com/Jacksgong/JKeyboardPanelSwitch;4110;6.2;14;9;Java
ankidroid/Anki-Android;https://github.com/ankidroid/Anki-Android;4092;8.6;950;3998;Java
hansonwang99/Spring-Boot-In-Action;https://github.com/hansonwang99/Spring-Boot-In-Action;4083;2.6;0;15;Java
ChadCSong/ShineButton;https://github.com/ChadCSong/ShineButton;4068;5.2;2;8;Java
trinodb/trino;https://github.com/trinodb/trino;4012;2.6;0;6345;Java
Exrick/xpay;https://github.com/Exrick/xpay;3987;3.7;0;2;Java
youtube/api-samples;https://github.com/youtube/api-samples;4050;7.7;0;85;Java
codingapi/tx-lcn;https://github.com/codingapi/tx-lcn;4026;3.8;14;98;Java
zhanglei-workspace/shopping-management-system;https://github.com/zhanglei-workspace/shopping-management-system;3975;5.8;0;15;Java
getActivity/AndroidProject;https://github.com/getActivity/AndroidProject;3974;2.9;15;5;Java
rengwuxian/RxJavaSamples;https://github.com/rengwuxian/RxJavaSamples;3972;5.5;3;8;Java
BoltsFramework/Bolts-Android;https://github.com/BoltsFramework/Bolts-Android;3966;7.6;11;94;Java
apache/ignite;https://github.com/apache/ignite;3964;6.6;0;9228;Java
ongakuer/CircleIndicator;https://github.com/ongakuer/CircleIndicator;3962;7.1;7;23;Java
qstumn/BadgeView;https://github.com/qstumn/BadgeView;3960;4.6;5;6;Java
ThirtyDegreesRay/OpenHub;https://github.com/ThirtyDegreesRay/OpenHub;3957;4.2;31;66;Java
alibaba/jstorm;https://github.com/alibaba/jstorm;3954;8.0;22;90;Java
CodingDocs/springboot-guide;https://github.com/CodingDocs/springboot-guide;3942;2.8;0;17;Java
airbytehq/airbyte;https://github.com/airbytehq/airbyte;3935;1.1;74;3087;Java
JoanZapata/android-iconify;https://github.com/JoanZapata/android-iconify;3924;8.2;0;38;Java
stleary/JSON-java;https://github.com/stleary/JSON-java;3907;10.7;13;273;Java
lcodecorex/TwinklingRefreshLayout;https://github.com/lcodecorex/TwinklingRefreshLayout;3901;5.5;0;4;Java
phishman3579/java-algorithms-implementation;https://github.com/phishman3579/java-algorithms-implementation;3853;7.8;0;127;Java
roboguice/roboguice;https://github.com/roboguice/roboguice;3822;9.1;0;72;Java
luckybilly/CC;https://github.com/luckybilly/CC;3809;3.8;0;31;Java
AntennaPod/AntennaPod;https://github.com/AntennaPod/AntennaPod;3762;9.1;39;2319;Java
zzhoujay/RichText;https://github.com/zzhoujay/RichText;3689;6.1;0;11;Java
lzyzsd/CircleProgress;https://github.com/lzyzsd/CircleProgress;3674;6.9;0;29;Java
bisq-network/bisq;https://github.com/bisq-network/bisq;3663;7.5;113;2861;Java
eirslett/frontend-maven-plugin;https://github.com/eirslett/frontend-maven-plugin;3629;8.0;0;286;Java
pqpo/SmartCropper;https://github.com/pqpo/SmartCropper;3628;4.1;13;7;Java
dongjunkun/DropDownMenu;https://github.com/dongjunkun/DropDownMenu;3562;6.2;2;3;Java
Atmosphere/atmosphere;https://github.com/Atmosphere/atmosphere;3535;11.2;0;351;Java
cabaletta/baritone;https://github.com/cabaletta/baritone;3527;3.1;56;334;Java
Netflix/conductor;https://github.com/Netflix/conductor;3520;4.8;259;1093;Java
linkedin/datahub;https://github.com/linkedin/datahub;3518;5.8;27;2442;Java
arimorty/floatingsearchview;https://github.com/arimorty/floatingsearchview;3512;5.8;0;55;Java
lygttpod/SuperTextView;https://github.com/lygttpod/SuperTextView;3510;4.9;39;5;Java
codeestX/GeekNews;https://github.com/codeestX/GeekNews;3493;5.1;0;14;Java
google/open-location-code;https://github.com/google/open-location-code;3490;6.9;5;271;Java
xcc3641/SeeWeather;https://github.com/xcc3641/SeeWeather;3487;5.5;2;8;Java
openhab/openhab1-addons;https://github.com/openhab/openhab1-addons;3479;8.0;14;3182;Java
JakeWharton/ThreeTenABP;https://github.com/JakeWharton/ThreeTenABP;3474;6.2;0;48;Java
querydsl/querydsl;https://github.com/querydsl/querydsl;3468;10.1;34;1168;Java
CameraKit/blurkit-android;https://github.com/CameraKit/blurkit-android;3462;4.8;3;20;Java
andremion/Music-Player;https://github.com/andremion/Music-Player;3456;5.3;2;4;Java
davideas/FlexibleAdapter;https://github.com/davideas/FlexibleAdapter;3454;6.4;30;43;Java
TeamAmaze/AmazeFileManager;https://github.com/TeamAmaze/AmazeFileManager;3450;7.2;52;1242;Java
stfalcon-studio/ChatKit;https://github.com/stfalcon-studio/ChatKit;3449;4.6;1;63;Java
facebookarchive/react-native-fbsdk;https://github.com/facebookarchive/react-native-fbsdk;3003;6.1;22;217;Java
lovetuzitong/MultiImageSelector;https://github.com/lovetuzitong/MultiImageSelector;3001;6.4;2;19;Java
fishercoder1534/Leetcode;https://github.com/fishercoder1534/Leetcode;3000;5.1;0;144;Java
KingJA/LoadSir;https://github.com/KingJA/LoadSir;3000;4.0;6;22;Java
uber/NullAway;https://github.com/uber/NullAway;2995;4.0;0;296;Java
woxingxiao/BubbleSeekBar;https://github.com/woxingxiao/BubbleSeekBar;2995;4.8;12;13;Java
dmytrodanylyk/android-process-button;https://github.com/dmytrodanylyk/android-process-button;2994;7.4;1;16;Java
Marswin/MarsDaemon;https://github.com/Marswin/MarsDaemon;2993;5.7;0;2;Java
stephanenicolas/robospice;https://github.com/stephanenicolas/robospice;2992;9.0;1;97;Java
Polidea/RxAndroidBle;https://github.com/Polidea/RxAndroidBle;2983;5.6;45;232;Java
burhanrashid52/PhotoEditor;https://github.com/burhanrashid52/PhotoEditor;2977;3.6;13;74;Java
lenve/JavaEETest;https://github.com/lenve/JavaEETest;2967;4.7;0;47;Java
immutables/immutables;https://github.com/immutables/immutables;2966;8.2;6;298;Java
didi/LogiKM;https://github.com/didi/LogiKM;2961;1.5;11;185;Java
jd-alexander/LikeButton;https://github.com/jd-alexander/LikeButton;2960;5.7;14;15;Java
android-notes/Cockroach;https://github.com/android-notes/Cockroach;2958;4.6;1;1;Java
jasonross/Nuwa;https://github.com/jasonross/Nuwa;2958;5.8;0;2;Java
aragozin/jvm-tools;https://github.com/aragozin/jvm-tools;2957;9.4;0;32;Java
h2database/h2database;https://github.com/h2database/h2database;2950;6.4;12;1539;Java
mplushnikov/lombok-intellij-plugin;https://github.com/mplushnikov/lombok-intellij-plugin;2948;7.9;116;241;Java
zaaach/CityPicker;https://github.com/zaaach/CityPicker;2939;5.5;2;7;Java
WeiYe-Jing/datax-web;https://github.com/WeiYe-Jing/datax-web;2937;1.8;5;125;Java
zendesk/maxwell;https://github.com/zendesk/maxwell;2934;6.6;175;860;Java
udacity/Sunshine-Version-2;https://github.com/udacity/Sunshine-Version-2;2931;6.5;0;251;Java
CheckChe0803/flink-recommandSystem-demo;https://github.com/CheckChe0803/flink-recommandSystem-demo;2927;2.3;0;15;Java
florent37/ShapeOfView;https://github.com/florent37/ShapeOfView;2922;3.6;0;12;Java
mxdldev/android-mvp-mvvm-flytour;https://github.com/mxdldev/android-mvp-mvvm-flytour;2922;2.7;11;3;Java
java8/Java8InAction;https://github.com/java8/Java8InAction;2921;7.9;0;14;Java
yarolegovich/SlidingRootNav;https://github.com/yarolegovich/SlidingRootNav;2913;4.5;1;8;Java
yusugomori/DeepLearning;https://github.com/yusugomori/DeepLearning;2905;8.7;0;13;Java
javaee/jersey;https://github.com/javaee/jersey;2903;9.3;30;338;Java
jacoco/jacoco;https://github.com/jacoco/jacoco;2901;9.2;43;557;Java
ZieIony/Carbon;https://github.com/ZieIony/Carbon;2899;6.6;2;11;Java
edmodo/cropper;https://github.com/edmodo/cropper;2897;8.1;0;40;Java
ManuelPeinado/FadingActionBar;https://github.com/ManuelPeinado/FadingActionBar;2896;8.3;0;20;Java
JackyAndroid/AndroidChromium;https://github.com/JackyAndroid/AndroidChromium;2893;5.2;2;5;Java
googlesamples/android-vision;https://github.com/googlesamples/android-vision;2892;6.2;0;41;Java
react-native-share/react-native-share;https://github.com/react-native-share/react-native-share;2885;5.9;62;355;Java
FasterXML/jackson-databind;https://github.com/FasterXML/jackson-databind;2883;9.7;0;558;Java
KunMinX/Linkage-RecyclerView;https://github.com/KunMinX/Linkage-RecyclerView;2881;2.4;0;1;Java
YahooArchive/anthelion;https://github.com/YahooArchive/anthelion;2878;5.9;0;1;Java
race604/FlyRefresh;https://github.com/race604/FlyRefresh;2878;6.3;2;2;Java
evrencoskun/TableView;https://github.com/evrencoskun/TableView;2877;4.2;12;76;Java
ballerina-platform/ballerina-lang;https://github.com/ballerina-platform/ballerina-lang;2875;4.8;94;18980;Java
saulmm/Android-Material-Examples;https://github.com/saulmm/Android-Material-Examples;2874;6.9;0;5;Java
subhra74/xdm;https://github.com/subhra74/xdm;2873;3.5;3;49;Java
baomidou/dynamic-datasource-spring-boot-starter;https://github.com/baomidou/dynamic-datasource-spring-boot-starter;2868;3.4;6;50;Java
NotFound9/interviewGuide;https://github.com/NotFound9/interviewGuide;2868;5.4;0;8;Java
ltsopensource/light-task-scheduler;https://github.com/ltsopensource/light-task-scheduler;2866;6.9;29;337;Java
guolindev/booksource;https://github.com/guolindev/booksource;2865;4.9;0;3;Java
gouthampradhan/leetcode;https://github.com/gouthampradhan/leetcode;2863;4.5;0;13;Java
donglua/PhotoPicker;https://github.com/donglua/PhotoPicker;2861;6.2;13;69;Java
nic-delhi/AarogyaSetu_Android;https://github.com/nic-delhi/AarogyaSetu_Android;2856;1.3;0;173;Java
watabou/pixel-dungeon;https://github.com/watabou/pixel-dungeon;2855;7.1;0;26;Java
iwgang/CountdownView;https://github.com/iwgang/CountdownView;2854;5.9;3;7;Java
vaticle/typedb;https://github.com/vaticle/typedb;2853;5.2;71;4124;Java
alibaba/QLExpress;https://github.com/alibaba/QLExpress;2852;4.5;0;23;Java
SpecialCyCi/AndroidResideMenu;https://github.com/SpecialCyCi/AndroidResideMenu;2851;7.7;7;18;Java
openaphid/android-flip;https://github.com/openaphid/android-flip;2851;9.3;0;13;Java
obsidiandynamics/kafdrop;https://github.com/obsidiandynamics/kafdrop;2849;2.3;41;101;Java
nanchen2251/RxJava2Examples;https://github.com/nanchen2251/RxJava2Examples;2849;4.2;0;0;Java
jiangqqlmj/FastDev4Android;https://github.com/jiangqqlmj/FastDev4Android;2847;5.9;4;2;Java
CrawlScript/WebCollector;https://github.com/CrawlScript/WebCollector;2840;7.2;0;23;Java
bmelnychuk/AndroidTreeView;https://github.com/bmelnychuk/AndroidTreeView;2836;6.6;0;16;Java
jprante/elasticsearch-jdbc;https://github.com/jprante/elasticsearch-jdbc;2835;9.3;19;102;Java
osmandapp/OsmAnd;https://github.com/osmandapp/OsmAnd;2835;10.6;1;4408;Java
yanzhenjie/AndServer;https://github.com/yanzhenjie/AndServer;2832;5.2;0;18;Java
apollographql/apollo-android;https://github.com/apollographql/apollo-android;2830;4.9;69;1866;Java
w446108264/XhsEmoticonsKeyboard;https://github.com/w446108264/XhsEmoticonsKeyboard;2830;6.5;7;2;Java
JulienGenoud/android-percent-support-lib-sample;https://github.com/JulienGenoud/android-percent-support-lib-sample;2827;6.2;2;2;Java
jindrapetrik/jpexs-decompiler;https://github.com/jindrapetrik/jpexs-decompiler;2824;7.3;114;109;Java
AweiLoveAndroid/CommonDevKnowledge;https://github.com/AweiLoveAndroid/CommonDevKnowledge;2818;3.7;0;3;Java
alibaba/Alink;https://github.com/alibaba/Alink;2817;2.9;10;24;Java
szerhusenBC/jwt-spring-security-demo;https://github.com/szerhusenBC/jwt-spring-security-demo;2809;5.5;3;19;Java
square/flow;https://github.com/square/flow;2803;8.0;0;147;Java
mzule/ActivityRouter;https://github.com/mzule/ActivityRouter;2803;5.4;3;14;Java
jiajunhui/PlayerBase;https://github.com/jiajunhui/PlayerBase;2798;4.4;18;10;Java
LandGrey/SpringBootVulExploit;https://github.com/LandGrey/SpringBootVulExploit;2786;1.3;0;3;Java
florent37/ExpectAnim;https://github.com/florent37/ExpectAnim;2784;4.5;1;10;Java
FinalTeam/RxGalleryFinal;https://github.com/FinalTeam/RxGalleryFinal;2783;5.4;1;26;Java
DiUS/java-faker;https://github.com/DiUS/java-faker;2781;10.3;0;455;Java
jenkinsci/blueocean-plugin;https://github.com/jenkinsci/blueocean-plugin;2778;5.6;27;2147;Java
Tencent/MSEC;https://github.com/Tencent/MSEC;2773;4.8;0;8;Java
JakeWharton/scalpel;https://github.com/JakeWharton/scalpel;2773;7.7;0;12;Java
Teevity/ice;https://github.com/Teevity/ice;2772;8.2;3;96;Java
JCTools/JCTools;https://github.com/JCTools/JCTools;2772;7.8;15;143;Java
google/binnavi;https://github.com/google/binnavi;2766;6.1;3;64;Java
apache/nifi;https://github.com/apache/nifi;2765;6.7;0;5356;Java
airbnb/airpal;https://github.com/airbnb/airpal;2760;7.3;0;129;Java
bin456789/Unblock163MusicClient-Xposed;https://github.com/bin456789/Unblock163MusicClient-Xposed;2759;5.6;13;4;Java
googlearchive/android-Camera2Basic;https://github.com/googlearchive/android-Camera2Basic;2754;7.2;0;30;Java
liquibase/liquibase;https://github.com/liquibase/liquibase;2750;10.2;59;1476;Java
north2016/T-MVP;https://github.com/north2016/T-MVP;2746;5.3;0;4;Java
Yalantis/GuillotineMenu-Android;https://github.com/Yalantis/GuillotineMenu-Android;2745;6.2;2;7;Java
RobotiumTech/robotium;https://github.com/RobotiumTech/robotium;2741;11.7;0;88;Java
JackyAndroid/AndroidTVLauncher;https://github.com/JackyAndroid/AndroidTVLauncher;2736;5.4;3;15;Java
Nightonke/CoCoin;https://github.com/Nightonke/CoCoin;2736;5.9;0;10;Java
wenmingvs/AndroidProcess;https://github.com/wenmingvs/AndroidProcess;2720;5.6;0;2;Java
TangoAgency/material-intro-screen;https://github.com/TangoAgency/material-intro-screen;2720;5.0;4;57;Java
Mojang/brigadier;https://github.com/Mojang/brigadier;2718;7.0;3;59;Java
code-troopers/android-betterpickers;https://github.com/code-troopers/android-betterpickers;2718;8.5;16;127;Java
PhilippC/keepass2android;https://github.com/PhilippC/keepass2android;2717;4.0;16;80;Java
fengjundev/Android-Skin-Loader;https://github.com/fengjundev/Android-Skin-Loader;2714;6.2;0;7;Java
liuyangming/ByteTCC;https://github.com/liuyangming/ByteTCC;2708;5.6;17;3;Java
saulmm/CoordinatorBehaviorExample;https://github.com/saulmm/CoordinatorBehaviorExample;2708;6.1;0;8;Java
pedrovgs/Algorithms;https://github.com/pedrovgs/Algorithms;2707;6.8;0;59;Java
harjot-oberai/MusicDNA;https://github.com/harjot-oberai/MusicDNA;2707;5.4;2;16;Java
oguzbilgener/CircularFloatingActionMenu;https://github.com/oguzbilgener/CircularFloatingActionMenu;2706;7.1;0;13;Java
bastillion-io/Bastillion;https://github.com/bastillion-io/Bastillion;2702;8.6;11;79;Java
AbrahamCaiJin/CommonUtilLibrary;https://github.com/AbrahamCaiJin/CommonUtilLibrary;2702;4.4;0;7;Java
oshi/oshi;https://github.com/oshi/oshi;2700;9.6;119;1006;Java
android/user-interface-samples;https://github.com/android/user-interface-samples;2697;2.0;1;99;Java
awaitility/awaitility;https://github.com/awaitility/awaitility;2696;11.6;0;100;Java
tyzlmjj/PagerBottomTabStrip;https://github.com/tyzlmjj/PagerBottomTabStrip;2694;6.0;12;2;Java
jfeinstein10/JazzyViewPager;https://github.com/jfeinstein10/JazzyViewPager;2693;8.6;0;10;Java
lizhangqu/CoreLink;https://github.com/lizhangqu/CoreLink;2693;6.4;0;2;Java
sockeqwe/AdapterDelegates;https://github.com/sockeqwe/AdapterDelegates;2692;6.1;16;47;Java
jtablesaw/tablesaw;https://github.com/jtablesaw/tablesaw;2685;5.7;74;373;Java
jMonkeyEngine/jmonkeyengine;https://github.com/jMonkeyEngine/jmonkeyengine;2685;7.5;38;849;Java
amitshekhariitbhu/awesome-android-complete-reference;https://github.com/amitshekhariitbhu/awesome-android-complete-reference;2678;5.2;0;17;Java
JohnPersano/SuperToasts;https://github.com/JohnPersano/SuperToasts;2676;8.3;5;22;Java
flavioarfaria/KenBurnsView;https://github.com/flavioarfaria/KenBurnsView;2676;7.5;4;16;Java
glomadrian/Grav;https://github.com/glomadrian/Grav;2668;4.4;0;1;Java
MindorksOpenSource/android-mvvm-architecture;https://github.com/MindorksOpenSource/android-mvvm-architecture;2666;4.2;0;34;Java
Dimezis/BlurView;https://github.com/Dimezis/BlurView;2663;5.4;22;14;Java
spring-projects/spring-authorization-server;https://github.com/spring-projects/spring-authorization-server;2662;1.5;7;95;Java
Hitomis/transferee;https://github.com/Hitomis/transferee;2659;4.6;8;7;Java
Malinskiy/SuperRecyclerView;https://github.com/Malinskiy/SuperRecyclerView;2658;6.7;7;21;Java
chanjarster/weixin-java-tools;https://github.com/chanjarster/weixin-java-tools;2656;7.1;21;83;Java
Todd-Davies/ProgressWheel;https://github.com/Todd-Davies/ProgressWheel;2652;9.6;3;28;Java
qii/weiciyuan;https://github.com/qii/weiciyuan;2650;9.1;0;34;Java
google/hover;https://github.com/google/hover;2647;5.7;0;48;Java
spring-io/initializr;https://github.com/spring-io/initializr;2646;8.3;9;368;Java
apache/calcite;https://github.com/apache/calcite;2646;7.2;0;2509;Java
killme2008/aviatorscript;https://github.com/killme2008/aviatorscript;2645;10.4;44;70;Java
500px/500px-android-blur;https://github.com/500px/500px-android-blur;2643;6.5;0;10;Java
chennaione/sugar;https://github.com/chennaione/sugar;2639;10.1;6;176;Java
supertokens/supertokens-core;https://github.com/supertokens/supertokens-core;2639;1.7;0;64;Java
SimonVT/android-menudrawer;https://github.com/SimonVT/android-menudrawer;2629;9.0;0;53;Java
beworker/pinned-section-listview;https://github.com/beworker/pinned-section-listview;2628;8.3;5;25;Java
phodal/migration;https://github.com/phodal/migration;2627;1.7;0;7;Java
RipMeApp/ripme;https://github.com/RipMeApp/ripme;2625;4.7;126;712;Java
florent37/ViewAnimator;https://github.com/florent37/ViewAnimator;2624;5.7;3;19;Java
jjoe64/GraphView;https://github.com/jjoe64/GraphView;2624;10.2;1;101;Java
liangfeidotme/MasteringAndroidDataBinding;https://github.com/liangfeidotme/MasteringAndroidDataBinding;2620;6.3;0;13;Java
wildfly/wildfly;https://github.com/wildfly/wildfly;2620;11.2;18;14515;Java
EverythingMe/overscroll-decor;https://github.com/EverythingMe/overscroll-decor;2619;5.8;0;11;Java
siyamed/android-shape-imageview;https://github.com/siyamed/android-shape-imageview;2617;7.0;2;8;Java
getActivity/XXPermissions;https://github.com/getActivity/XXPermissions;2617;3.2;39;3;Java
Pay-Group/best-pay-sdk;https://github.com/Pay-Group/best-pay-sdk;2613;4.5;3;53;Java
jackpal/Android-Terminal-Emulator;https://github.com/jackpal/Android-Terminal-Emulator;2612;11.0;0;160;Java
apache/curator;https://github.com/apache/curator;2612;7.5;0;397;Java
r0adkll/Slidr;https://github.com/r0adkll/Slidr;2603;7.1;5;12;Java
cyrilmottier/GreenDroid;https://github.com/cyrilmottier/GreenDroid;2601;11.3;0;20;Java
pushtorefresh/storio;https://github.com/pushtorefresh/storio;2600;7.0;30;517;Java
googlearchive/android-ConstraintLayoutExamples;https://github.com/googlearchive/android-ConstraintLayoutExamples;2600;4.5;1;43;Java
GeyserMC/Geyser;https://github.com/GeyserMC/Geyser;2586;2.2;0;926;Java
brianway/webporter;https://github.com/brianway/webporter;2561;4.8;1;2;Java
ikarus23/MifareClassicTool;https://github.com/ikarus23/MifareClassicTool;2530;8.6;0;99;Java
mxn21/FlowingDrawer;https://github.com/mxn21/FlowingDrawer;2519;6.1;0;10;Java
201206030/fiction_house;https://github.com/201206030/fiction_house;2596;1.8;5;4;Java
pchmn/MaterialChipsInput;https://github.com/pchmn/MaterialChipsInput;2595;4.4;7;24;Java
AltBeacon/android-beacon-library;https://github.com/AltBeacon/android-beacon-library;2589;7.1;87;287;Java
mihaip/dex-method-counts;https://github.com/mihaip/dex-method-counts;2582;7.3;0;23;Java
yangchong211/LifeHelper;https://github.com/yangchong211/LifeHelper;2575;3.9;0;6;Java
spotify/docker-maven-plugin;https://github.com/spotify/docker-maven-plugin;2573;7.2;0;171;Java
rubenlagus/TelegramBots;https://github.com/rubenlagus/TelegramBots;2555;5.7;67;379;Java
yingLanNull/ShadowImageView;https://github.com/yingLanNull/ShadowImageView;2551;4.5;0;0;Java
AlexLiuSheng/CheckVersionLib;https://github.com/AlexLiuSheng/CheckVersionLib;2534;5.0;10;5;Java
VerbalExpressions/JavaVerbalExpressions;https://github.com/VerbalExpressions/JavaVerbalExpressions;2524;8.1;9;48;Java
Cleveroad/SlidingTutorial-Android;https://github.com/Cleveroad/SlidingTutorial-Android;2519;5.9;0;21;Java
ddd-by-examples/library;https://github.com/ddd-by-examples/library;2518;2.7;0;34;Java
nextcloud/android;https://github.com/nextcloud/android;2518;5.3;164;3690;Java
grishka/Houseclub;https://github.com/grishka/Houseclub;2502;0.5;10;51;Java
CaffeineMC/sodium-fabric;https://github.com/CaffeineMC/sodium-fabric;2500;1.6;6;169;Java
spotify/dockerfile-maven;https://github.com/spotify/dockerfile-maven;2497;5.5;14;96;Java
real-logic/simple-binary-encoding;https://github.com/real-logic/simple-binary-encoding;2490;8.0;71;290;Java
gcacace/android-signaturepad;https://github.com/gcacace/android-signaturepad;2489;7.5;0;56;Java
williamfiset/DEPRECATED-data-structures;https://github.com/williamfiset/DEPRECATED-data-structures;2488;5.2;0;16;Java
sd6352051/NiftyDialogEffects;https://github.com/sd6352051/NiftyDialogEffects;2487;7.1;3;6;Java
voldemort/voldemort;https://github.com/voldemort/voldemort;2486;12.3;10;370;Java
tiann/understand-plugin-framework;https://github.com/tiann/understand-plugin-framework;2485;5.6;0;3;Java
balysv/material-menu;https://github.com/balysv/material-menu;2484;7.2;20;13;Java
JsonChao/Awesome-WanAndroid;https://github.com/JsonChao/Awesome-WanAndroid;2483;3.5;8;4;Java
JakeWharton/Telecine;https://github.com/JakeWharton/Telecine;2482;6.9;17;102;Java
AxonFramework/AxonFramework;https://github.com/AxonFramework/AxonFramework;2481;9.8;84;976;Java
jOOQ/jOOR;https://github.com/jOOQ/jOOR;2481;9.7;0;27;Java
nico2sh/materialish-progress;https://github.com/nico2sh/materialish-progress;2479;6.8;0;13;Java
Ramotion/paper-onboarding-android;https://github.com/Ramotion/paper-onboarding-android;2479;5.4;0;16;Java
githubwing/ZoomHeader;https://github.com/githubwing/ZoomHeader;2477;4.8;0;0;Java
elye/loaderviewlibrary;https://github.com/elye/loaderviewlibrary;2471;5.0;0;11;Java
tianshiyeben/wgcloud;https://github.com/tianshiyeben/wgcloud;2470;2.6;6;12;Java
pwittchen/ReactiveNetwork;https://github.com/pwittchen/ReactiveNetwork;2468;6.1;47;203;Java
javaee-samples/javaee7-samples;https://github.com/javaee-samples/javaee7-samples;2468;8.0;0;302;Java
AdoptOpenJDK/jitwatch;https://github.com/AdoptOpenJDK/jitwatch;2468;7.9;6;111;Java
ozodrukh/CircularReveal;https://github.com/ozodrukh/CircularReveal;2468;6.8;17;26;Java
Krupen/FabulousFilter;https://github.com/Krupen/FabulousFilter;2467;4.2;0;2;Java
DTStack/flinkx;https://github.com/DTStack/flinkx;2465;3.4;22;107;Java
zjw-swun/AppMethodOrder;https://github.com/zjw-swun/AppMethodOrder;2465;4.5;0;15;Java
jdsjlzx/LRecyclerView;https://github.com/jdsjlzx/LRecyclerView;2463;5.3;36;9;Java
youlookwhat/DesignPattern;https://github.com/youlookwhat/DesignPattern;2461;4.9;0;3;Java
AigeStudio/WheelPicker;https://github.com/AigeStudio/WheelPicker;2460;5.8;0;27;Java
geoserver/geoserver;https://github.com/geoserver/geoserver;2456;9.8;0;5273;Java
oasisfeng/condom;https://github.com/oasisfeng/condom;2453;4.5;10;1;Java
saulmm/Material-Movies;https://github.com/saulmm/Material-Movies;2449;6.6;0;10;Java
shopizer-ecommerce/shopizer;https://github.com/shopizer-ecommerce/shopizer;2449;8.8;11;273;Java
allure-framework/allure2;https://github.com/allure-framework/allure2;2447;5.3;43;519;Java
2dxgujun/AndroidTagGroup;https://github.com/2dxgujun/AndroidTagGroup;2447;6.6;5;17;Java
javamelody/javamelody;https://github.com/javamelody/javamelody;2445;6.2;42;105;Java
JakeWharton/RxRelay;https://github.com/JakeWharton/RxRelay;2444;5.7;0;26;Java
angryip/ipscan;https://github.com/angryip/ipscan;2442;10.2;25;46;Java
JessYanCoding/ProgressManager;https://github.com/JessYanCoding/ProgressManager;2439;4.3;9;3;Java
Comcast/FreeFlow;https://github.com/Comcast/FreeFlow;2437;7.9;1;18;Java
square/keywhiz;https://github.com/square/keywhiz;2433;6.5;3;822;Java
LaiFeng-Android/SopCastComponent;https://github.com/LaiFeng-Android/SopCastComponent;2429;4.8;0;1;Java
sannies/mp4parser;https://github.com/sannies/mp4parser;2427;8.0;13;58;Java
zhpanvip/BannerViewPager;https://github.com/zhpanvip/BannerViewPager;2426;4.4;48;54;Java
SufficientlySecure/html-textview;https://github.com/SufficientlySecure/html-textview;2425;8.0;0;39;Java
konifar/android-material-design-icon-generator-plugin;https://github.com/konifar/android-material-design-icon-generator-plugin;2425;6.7;4;31;Java
path/android-priority-jobqueue;https://github.com/path/android-priority-jobqueue;2424;8.4;0;18;Java
yanzhenjie/Album;https://github.com/yanzhenjie/Album;2419;4.8;0;13;Java
daimajia/AnimationEasingFunctions;https://github.com/daimajia/AnimationEasingFunctions;2414;7.2;1;12;Java
nutzam/nutz;https://github.com/nutzam/nutz;2410;10.2;23;260;Java
OCNYang/Android-Animation-Set;https://github.com/OCNYang/Android-Animation-Set;2409;3.5;0;0;Java
android/location-samples;https://github.com/android/location-samples;2408;6.9;0;79;Java
team-supercharge/ShimmerLayout;https://github.com/team-supercharge/ShimmerLayout;2408;4.3;0;45;Java
BaronZ88/MinimalistWeather;https://github.com/BaronZ88/MinimalistWeather;2405;5.4;0;0;Java
OpenHFT/Chronicle-Queue;https://github.com/OpenHFT/Chronicle-Queue;2404;8.3;372;342;Java
VictorAlbertos/RxCache;https://github.com/VictorAlbertos/RxCache;2403;5.7;44;40;Java
square/tape;https://github.com/square/tape;2403;9.0;0;127;Java
